Link,Title,Location
https://www.saramin.co.kr/zf_user/jobs/relay/view?view_type=search&rec_idx=48100792&location=ts&searchword=python&searchType=search&paid_fl=n&search_uuid=f4afb21d-491c-4357-8640-0273fbb0e8c3,2024년도 제1회 신입직원 공개채용,대전유성구
https://www.saramin.co.kr/zf_user/jobs/relay/view?view_type=search&rec_idx=48052026&location=ts&searchword=python&searchType=search&paid_fl=n&search_uuid=f4afb21d-491c-4357-8640-0273fbb0e8c3,백엔드 개발자,서울마포구
https://www.saramin.co.kr/zf_user/jobs/relay/view?view_type=search&rec_idx=48129103&location=ts&searchword=python&searchType=search&paid_fl=n&search_uuid=f4afb21d-491c-4357-8640-0273fbb0e8c3,㈜이엠넷 부문별 신입/경력 채용 [서울본사],서울구로구
https://www.saramin.co.kr/zf_user/jobs/relay/view?view_type=search&rec_idx=48123901&location=ts&searchword=python&searchType=search&paid_fl=n&search_uuid=f4afb21d-491c-4357-8640-0273fbb0e8c3,백엔드 개발 사원 영입,서울영등포구
https://www.saramin.co.kr/zf_user/jobs/relay/view?view_type=search&rec_idx=48066828&location=ts&searchword=python&searchType=search&paid_fl=n&search_uuid=f4afb21d-491c-4357-8640-0273fbb0e8c3,[가산동/주5일] 명품이커머스/ 웹 프론트엔드 개발자 채용,서울금천구
https://www.saramin.co.kr/zf_user/jobs/relay/view?view_type=search&rec_idx=48144688&location=ts&searchword=python&searchType=search&paid_fl=n&search_uuid=f4afb21d-491c-4357-8640-0273fbb0e8c3,"언제까지 음식점 알바할꺼야, 폼나게 데이터 전처리 알바는 어때",부산금정구
https://www.saramin.co.kr/zf_user/jobs/relay/view?view_type=search&rec_idx=48138463&location=ts&searchword=python&searchType=search&paid_fl=n&search_uuid=f4afb21d-491c-4357-8640-0273fbb0e8c3,[NAVER Cloud] LLM 기반 RAG 및 코드 어시스턴트 서비스 개발,경기성남시 분당구
https://www.saramin.co.kr/zf_user/jobs/relay/view?view_type=search&rec_idx=48127579&location=ts&searchword=python&searchType=search&paid_fl=n&search_uuid=f4afb21d-491c-4357-8640-0273fbb0e8c3,프론트엔드 개발자 신입/경력 채용,서울용산구
https://www.saramin.co.kr/zf_user/jobs/relay/view?view_type=search&rec_idx=47957136&location=ts&searchword=python&searchType=search&paid_fl=n&search_uuid=f4afb21d-491c-4357-8640-0273fbb0e8c3,아진산업(주) 관리직 신입사원 채용(기술연구소),경북경산시
https://www.saramin.co.kr/zf_user/jobs/relay/view?view_type=search&rec_idx=48090449&location=ts&searchword=python&searchType=search&paid_fl=n&search_uuid=f4afb21d-491c-4357-8640-0273fbb0e8c3,[의료IT1위) 2024년 상반기 S/W개발자 경력직 공개채용,서울중구
https://www.saramin.co.kr/zf_user/jobs/relay/view?view_type=search&rec_idx=48142359&location=ts&searchword=python&searchType=search&paid_fl=n&search_uuid=f4afb21d-491c-4357-8640-0273fbb0e8c3,(정규)2024년 SW 개발자 경력/신입 채용,서울강서구
https://www.saramin.co.kr/zf_user/jobs/relay/view?view_type=search&rec_idx=48136535&location=ts&searchword=python&searchType=search&paid_fl=n&search_uuid=f4afb21d-491c-4357-8640-0273fbb0e8c3,[뉴로메카] 하드웨어(H/W) 전장/회로 개발 담당자 채용,서울성동구
https://www.saramin.co.kr/zf_user/jobs/relay/view?view_type=search&rec_idx=48111933&location=ts&searchword=python&searchType=search&paid_fl=n&search_uuid=f4afb21d-491c-4357-8640-0273fbb0e8c3,[시냅스 이미징] 각 부문 신입 / 경력 채용,경기군포시
https://www.saramin.co.kr/zf_user/jobs/relay/view?view_type=search&rec_idx=48123638&location=ts&searchword=python&searchType=search&paid_fl=n&search_uuid=f4afb21d-491c-4357-8640-0273fbb0e8c3,[직영] DYB최선어학원 각 부문 STAFF 모집,서울강남구
https://www.saramin.co.kr/zf_user/jobs/relay/view?view_type=search&rec_idx=48116680&location=ts&searchword=python&searchType=search&paid_fl=n&search_uuid=f4afb21d-491c-4357-8640-0273fbb0e8c3,게임개발 인재모집(메이플스토리 월드 게임개발),서울구로구
https://www.saramin.co.kr/zf_user/jobs/relay/view?view_type=search&rec_idx=47576492&location=ts&searchword=python&searchType=search&paid_fl=n&search_uuid=f4afb21d-491c-4357-8640-0273fbb0e8c3,"[아정]백엔드, 프론트엔드, Devops등 개발 전직군 채용",서울강남구
https://www.saramin.co.kr/zf_user/jobs/relay/view?view_type=search&rec_idx=48140186&location=ts&searchword=python&searchType=search&paid_fl=n&search_uuid=f4afb21d-491c-4357-8640-0273fbb0e8c3,[인공지능 경진대회 운영] Data Scientist 인턴 모집,서울마포구
https://www.saramin.co.kr/zf_user/jobs/relay/view?view_type=search&rec_idx=48089037&location=ts&searchword=python&searchType=search&paid_fl=n&search_uuid=f4afb21d-491c-4357-8640-0273fbb0e8c3,[연봉상향/업계최대규모] 자동차 TEST팀(labview) 인재 채용,경기성남시 수정구
https://www.saramin.co.kr/zf_user/jobs/relay/view?view_type=search&rec_idx=48123748&location=ts&searchword=python&searchType=search&paid_fl=n&search_uuid=f4afb21d-491c-4357-8640-0273fbb0e8c3,[㈜테크웨이즈]각 부문별 신입·경력사원 모집(장애인 채용포함),경기용인시 수지구
https://www.saramin.co.kr/zf_user/jobs/relay/view?view_type=search&rec_idx=48140775&location=ts&searchword=python&searchType=search&paid_fl=n&search_uuid=f4afb21d-491c-4357-8640-0273fbb0e8c3,프론트엔드 개발자,서울강남구
https://www.saramin.co.kr/zf_user/jobs/relay/view?view_type=search&rec_idx=47939526&location=ts&searchword=python&searchType=search&paid_fl=n&search_uuid=f4afb21d-491c-4357-8640-0273fbb0e8c3,[대전]리튬팩 전문기업 전부문 경력직 모집 (품질/영업/SW개발),대전유성구
https://www.saramin.co.kr/zf_user/jobs/relay/view?view_type=search&rec_idx=48028763&location=ts&searchword=python&searchType=search&paid_fl=n&search_uuid=f4afb21d-491c-4357-8640-0273fbb0e8c3,[미용의료기기/상장사] 제이시스메디칼 상시채용,서울금천구
https://www.saramin.co.kr/zf_user/jobs/relay/view?view_type=search&rec_idx=48083463&location=ts&searchword=python&searchType=search&paid_fl=n&search_uuid=f4afb21d-491c-4357-8640-0273fbb0e8c3,2024년도 ITCEN 그룹 상시채용 - 개발/분석·설계/AA,서울서초구
https://www.saramin.co.kr/zf_user/jobs/relay/view?view_type=search&rec_idx=48074735&location=ts&searchword=python&searchType=search&paid_fl=n&search_uuid=f4afb21d-491c-4357-8640-0273fbb0e8c3,"IT 웹/서버, 클라우드 프로그램 개발자 모집(신입/경력)",경기용인시
https://www.saramin.co.kr/zf_user/jobs/relay/view?view_type=search&rec_idx=48043575&location=ts&searchword=python&searchType=search&paid_fl=n&search_uuid=f4afb21d-491c-4357-8640-0273fbb0e8c3,2024년 제2차 계약직 직원채용 연장공고,충남아산시
https://www.saramin.co.kr/zf_user/jobs/relay/view?view_type=search&rec_idx=48139900&location=ts&searchword=python&searchType=search&paid_fl=n&search_uuid=f4afb21d-491c-4357-8640-0273fbb0e8c3,HR-Tech 스타트업 : 데이터사이언스 교육기획 프로덕트매니저 PM,서울강남구
https://www.saramin.co.kr/zf_user/jobs/relay/view?view_type=search&rec_idx=47922425&location=ts&searchword=python&searchType=search&paid_fl=n&search_uuid=f4afb21d-491c-4357-8640-0273fbb0e8c3,웹 개발(부산) 채용공고,부산해운대구
https://www.saramin.co.kr/zf_user/jobs/relay/view?view_type=search&rec_idx=48082722&location=ts&searchword=python&searchType=search&paid_fl=n&search_uuid=f4afb21d-491c-4357-8640-0273fbb0e8c3,[데브옵스엔지니어]로 커리어를 급성장시킬 수 있는곳'패스오더',서울강남구
https://www.saramin.co.kr/zf_user/jobs/relay/view?view_type=search&rec_idx=48094428&location=ts&searchword=python&searchType=search&paid_fl=n&search_uuid=f4afb21d-491c-4357-8640-0273fbb0e8c3,"2024 상반기 2차 수시채용 (R&D, 영업기획, SMT, 시설관리)",경기성남시 수정구
https://www.saramin.co.kr/zf_user/jobs/relay/view?view_type=search&rec_idx=47871068&location=ts&searchword=python&searchType=search&paid_fl=n&search_uuid=f4afb21d-491c-4357-8640-0273fbb0e8c3,[원익IPS] 반도체장비 설계 엔지니어 인재풀 공고,경기평택시
https://www.saramin.co.kr/zf_user/jobs/relay/view?view_type=search&rec_idx=47856022&location=ts&searchword=python&searchType=search&paid_fl=n&search_uuid=f4afb21d-491c-4357-8640-0273fbb0e8c3,[넛지헬스케어] 백엔드개발 채용전환형 인턴,서울강남구
https://www.saramin.co.kr/zf_user/jobs/relay/view?view_type=search&rec_idx=47867029&location=ts&searchword=python&searchType=search&paid_fl=n&search_uuid=f4afb21d-491c-4357-8640-0273fbb0e8c3,[첫차]와 함께 할 데이터 분석 매니저를 찾습니다.,서울강남구
https://www.saramin.co.kr/zf_user/jobs/relay/view?view_type=search&rec_idx=47992938&location=ts&searchword=python&searchType=search&paid_fl=n&search_uuid=f4afb21d-491c-4357-8640-0273fbb0e8c3,[초급경력자] Java Web 개발자 모집 [주4일 출근제 도입],서울강남구
https://www.saramin.co.kr/zf_user/jobs/relay/view?view_type=search&rec_idx=48111284&location=ts&searchword=python&searchType=search&paid_fl=n&search_uuid=f4afb21d-491c-4357-8640-0273fbb0e8c3,[반도체 IC칩] ASIC Design Engineer (신입),경기수원시 영통구
https://www.saramin.co.kr/zf_user/jobs/relay/view?view_type=search&rec_idx=47753965&location=ts&searchword=python&searchType=search&paid_fl=n&search_uuid=f4afb21d-491c-4357-8640-0273fbb0e8c3,[네오플] 프로그래밍/기술지원 직군 분야별 모집,제주제주시
https://www.saramin.co.kr/zf_user/jobs/relay/view?view_type=search&rec_idx=47807276&location=ts&searchword=python&searchType=search&paid_fl=n&search_uuid=f4afb21d-491c-4357-8640-0273fbb0e8c3,[국비무료IT취업]자바/웹앱/프론트·백엔드/풀스택/빅데이터 외,서울전체
https://www.saramin.co.kr/zf_user/jobs/relay/view?view_type=search&rec_idx=48137623&location=ts&searchword=python&searchType=search&paid_fl=n&search_uuid=f4afb21d-491c-4357-8640-0273fbb0e8c3,(주)이오테크닉스 개발자 모집 (제어SW),경기안양시 동안구
https://www.saramin.co.kr/zf_user/jobs/relay/view?view_type=search&rec_idx=47753976&location=ts&searchword=python&searchType=search&paid_fl=n&search_uuid=f4afb21d-491c-4357-8640-0273fbb0e8c3,[네오플] 게임그래픽 직군 분야별 모집,제주제주시
https://www.saramin.co.kr/zf_user/jobs/relay/view?view_type=search&rec_idx=48141538&location=ts&searchword=python&searchType=search&paid_fl=n&search_uuid=f4afb21d-491c-4357-8640-0273fbb0e8c3,"2024 상반기 신입 Proactive Leaders 채용 [R&D, Engineering]",대전유성구
https://www.saramin.co.kr/zf_user/jobs/relay/view?view_type=search&rec_idx=48094177&location=ts&searchword=python&searchType=search&paid_fl=n&search_uuid=f4afb21d-491c-4357-8640-0273fbb0e8c3,[HL Klemove] 2024 상반기 2차 수시채용 (R&D-코딩테스트 진행),경기성남시 수정구
https://www.saramin.co.kr/zf_user/jobs/relay/view?view_type=search&rec_idx=48072082&location=ts&searchword=python&searchType=search&paid_fl=n&search_uuid=ce2273a6-cbe6-4c09-95dc-f5d9ae8962a3,[면접비 지급] 인공지능 기반 머신비전 연구개발,경기화성시
https://www.saramin.co.kr/zf_user/jobs/relay/view?view_type=search&rec_idx=48071050&location=ts&searchword=python&searchType=search&paid_fl=n&search_uuid=ce2273a6-cbe6-4c09-95dc-f5d9ae8962a3,[빗썸] DBA,서울강남구
https://www.saramin.co.kr/zf_user/jobs/relay/view?view_type=search&rec_idx=48069414&location=ts&searchword=python&searchType=search&paid_fl=n&search_uuid=ce2273a6-cbe6-4c09-95dc-f5d9ae8962a3,[슈어소프트테크] 2024년 상반기 경력사원 모집,경기성남시 수정구
https://www.saramin.co.kr/zf_user/jobs/relay/view?view_type=search&rec_idx=47798174&location=ts&searchword=python&searchType=search&paid_fl=n&search_uuid=ce2273a6-cbe6-4c09-95dc-f5d9ae8962a3,"[쿠팡] Principal, Business Analyst (Home Living & Leisure)",서울송파구
https://www.saramin.co.kr/zf_user/jobs/relay/view?view_type=search&rec_idx=48123919&location=ts&searchword=python&searchType=search&paid_fl=n&search_uuid=ce2273a6-cbe6-4c09-95dc-f5d9ae8962a3,2024 새론오토모티브 신입사원 채용(정보화IT),충남천안시 동남구
https://www.saramin.co.kr/zf_user/jobs/relay/view?view_type=search&rec_idx=48113345&location=ts&searchword=python&searchType=search&paid_fl=n&search_uuid=ce2273a6-cbe6-4c09-95dc-f5d9ae8962a3,컴퓨터 비전 기반 딥러닝 인식 Researcher 모집,경기전체
https://www.saramin.co.kr/zf_user/jobs/relay/view?view_type=search&rec_idx=47839677&location=ts&searchword=python&searchType=search&paid_fl=n&search_uuid=ce2273a6-cbe6-4c09-95dc-f5d9ae8962a3,[LG그룹]DW 데이터엔지니어 경력 채용,서울마포구
https://www.saramin.co.kr/zf_user/jobs/relay/view?view_type=search&rec_idx=48048993&location=ts&searchword=python&searchType=search&paid_fl=n&search_uuid=ce2273a6-cbe6-4c09-95dc-f5d9ae8962a3,데이터엔지니어 / 빅데이터 서비스 개발,강원춘천시
https://www.saramin.co.kr/zf_user/jobs/relay/view?view_type=search&rec_idx=48083532&location=ts&searchword=python&searchType=search&paid_fl=n&search_uuid=ce2273a6-cbe6-4c09-95dc-f5d9ae8962a3,생물정보분석(Bioinformatics) 직원 채용(신입/경력),서울강서구
https://www.saramin.co.kr/zf_user/jobs/relay/view?view_type=search&rec_idx=48063794&location=ts&searchword=python&searchType=search&paid_fl=n&search_uuid=ce2273a6-cbe6-4c09-95dc-f5d9ae8962a3,[코스닥상장사] 백엔드 데이터 수집 개발자 채용(2~5년),서울강서구
https://www.saramin.co.kr/zf_user/jobs/relay/view?view_type=search&rec_idx=48076817&location=ts&searchword=python&searchType=search&paid_fl=n&search_uuid=ce2273a6-cbe6-4c09-95dc-f5d9ae8962a3,[AI음성기술전문기업] 시스템 엔지니어(신입/경력),서울강남구
https://www.saramin.co.kr/zf_user/jobs/relay/view?view_type=search&rec_idx=48097657&location=ts&searchword=python&searchType=search&paid_fl=n&search_uuid=ce2273a6-cbe6-4c09-95dc-f5d9ae8962a3,2024 (주)샌즈랩 신기술개발부(AI개발) 연구원 모집,경기과천시
https://www.saramin.co.kr/zf_user/jobs/relay/view?view_type=search&rec_idx=47766717&location=ts&searchword=python&searchType=search&paid_fl=n&search_uuid=ce2273a6-cbe6-4c09-95dc-f5d9ae8962a3,Security Analyst (Blue Team Dart),서울송파구
https://www.saramin.co.kr/zf_user/jobs/relay/view?view_type=search&rec_idx=48093969&location=ts&searchword=python&searchType=search&paid_fl=n&search_uuid=ce2273a6-cbe6-4c09-95dc-f5d9ae8962a3,[사이넷] 스포츠 데이터 분석가 (주 4일제),서울송파구
https://www.saramin.co.kr/zf_user/jobs/relay/view?view_type=search&rec_idx=48062309&location=ts&searchword=python&searchType=search&paid_fl=n&search_uuid=ce2273a6-cbe6-4c09-95dc-f5d9ae8962a3,시스템 소프트웨어 개발자(신입),서울전체
https://www.saramin.co.kr/zf_user/jobs/relay/view?view_type=search&rec_idx=48081761&location=ts&searchword=python&searchType=search&paid_fl=n&search_uuid=ce2273a6-cbe6-4c09-95dc-f5d9ae8962a3,혁신신약연구센터 AI신약설계팀 팀원,서울강남구
https://www.saramin.co.kr/zf_user/jobs/relay/view?view_type=search&rec_idx=47971622&location=ts&searchword=python&searchType=search&paid_fl=n&search_uuid=ce2273a6-cbe6-4c09-95dc-f5d9ae8962a3,[쿠팡] 쿠팡플레이 QA 엔지니어 (경력),서울송파구
https://www.saramin.co.kr/zf_user/jobs/relay/view?view_type=search&rec_idx=48095119&location=ts&searchword=python&searchType=search&paid_fl=n&search_uuid=ce2273a6-cbe6-4c09-95dc-f5d9ae8962a3,[금요일 재택] 본사 웹개발 파트 리더급 경력직 채용,서울서초구
https://www.saramin.co.kr/zf_user/jobs/relay/view?view_type=search&rec_idx=48141457&location=ts&searchword=python&searchType=search&paid_fl=n&search_uuid=ce2273a6-cbe6-4c09-95dc-f5d9ae8962a3,시너스텍(주) S/W팀 수시채용,경기과천시
https://www.saramin.co.kr/zf_user/jobs/relay/view?view_type=search&rec_idx=48097295&location=ts&searchword=python&searchType=search&paid_fl=n&search_uuid=ce2273a6-cbe6-4c09-95dc-f5d9ae8962a3,2024 (주)샌즈랩 제품사업부(웹개발자) 모집,경기과천시
https://www.saramin.co.kr/zf_user/jobs/relay/view?view_type=search&rec_idx=48022222&location=ts&searchword=python&searchType=search&paid_fl=n&search_uuid=ce2273a6-cbe6-4c09-95dc-f5d9ae8962a3,[쿠팡] Business Analyst (비즈니스 데이터 분석) 경력자,서울송파구
https://www.saramin.co.kr/zf_user/jobs/relay/view?view_type=search&rec_idx=48122683&location=ts&searchword=python&searchType=search&paid_fl=n&search_uuid=ce2273a6-cbe6-4c09-95dc-f5d9ae8962a3,금융 데이터 엔지니어,서울전체
https://www.saramin.co.kr/zf_user/jobs/relay/view?view_type=search&rec_idx=47947970&location=ts&searchword=python&searchType=search&paid_fl=n&search_uuid=ce2273a6-cbe6-4c09-95dc-f5d9ae8962a3,[커넥트웨이브] 다나와 각 부문별 수시채용 (신입/경력),서울양천구
https://www.saramin.co.kr/zf_user/jobs/relay/view?view_type=search&rec_idx=48078010&location=ts&searchword=python&searchType=search&paid_fl=n&search_uuid=ce2273a6-cbe6-4c09-95dc-f5d9ae8962a3,S/W개발 신입 및 경력직원 채용,경기전체
https://www.saramin.co.kr/zf_user/jobs/relay/view?view_type=search&rec_idx=48138011&location=ts&searchword=python&searchType=search&paid_fl=n&search_uuid=ce2273a6-cbe6-4c09-95dc-f5d9ae8962a3,[쿠팡] 쿠팡플레이 미디어 자동화 소프트웨어 엔지니어 (경력),서울송파구
https://www.saramin.co.kr/zf_user/jobs/relay/view?view_type=search&rec_idx=48125263&location=ts&searchword=python&searchType=search&paid_fl=n&search_uuid=ce2273a6-cbe6-4c09-95dc-f5d9ae8962a3,백엔드 개발 정규직 채용,서울서초구
https://www.saramin.co.kr/zf_user/jobs/relay/view?view_type=search&rec_idx=47954130&location=ts&searchword=python&searchType=search&paid_fl=n&search_uuid=ce2273a6-cbe6-4c09-95dc-f5d9ae8962a3,"버넥트 본사 근무자 채용(연구, 개발)",서울용산구
https://www.saramin.co.kr/zf_user/jobs/relay/view?view_type=search&rec_idx=48119745&location=ts&searchword=python&searchType=search&paid_fl=n&search_uuid=ce2273a6-cbe6-4c09-95dc-f5d9ae8962a3,[AI 기술 개발] 부문 신입/경력 채용 (전문연구요원 채용 가능),경기성남시 분당구
https://www.saramin.co.kr/zf_user/jobs/relay/view?view_type=search&rec_idx=47986765&location=ts&searchword=python&searchType=search&paid_fl=n&search_uuid=ce2273a6-cbe6-4c09-95dc-f5d9ae8962a3,[피닉스다트] 백엔드 서버개발자,서울구로구
https://www.saramin.co.kr/zf_user/jobs/relay/view?view_type=search&rec_idx=48000288&location=ts&searchword=python&searchType=search&paid_fl=n&search_uuid=ce2273a6-cbe6-4c09-95dc-f5d9ae8962a3,[메이플그룹] 데이터 엔지니어 (DW),경기성남시 분당구
https://www.saramin.co.kr/zf_user/jobs/relay/view?view_type=search&rec_idx=47954841&location=ts&searchword=python&searchType=search&paid_fl=n&search_uuid=ce2273a6-cbe6-4c09-95dc-f5d9ae8962a3,IT Infra팀 인프라 엔지니어 모집 (경력 5년 이하),서울강남구
https://www.saramin.co.kr/zf_user/jobs/relay/view?view_type=search&rec_idx=48023586&location=ts&searchword=python&searchType=search&paid_fl=n&search_uuid=ce2273a6-cbe6-4c09-95dc-f5d9ae8962a3,지니언스에서 개발직 인턴을 모집합니다,경기안양시 동안구
https://www.saramin.co.kr/zf_user/jobs/relay/view?view_type=search&rec_idx=48003513&location=ts&searchword=python&searchType=search&paid_fl=n&search_uuid=ce2273a6-cbe6-4c09-95dc-f5d9ae8962a3,차세대연구소 신입 및 경력 모집(설계/HW/SW알고리즘/광학),경기성남시 중원구
https://www.saramin.co.kr/zf_user/jobs/relay/view?view_type=search&rec_idx=48048303&location=ts&searchword=python&searchType=search&paid_fl=n&search_uuid=ce2273a6-cbe6-4c09-95dc-f5d9ae8962a3,백엔드개발팀 백엔드개발자 (주니어),서울중구
https://www.saramin.co.kr/zf_user/jobs/relay/view?view_type=search&rec_idx=47963276&location=ts&searchword=python&searchType=search&paid_fl=n&search_uuid=ce2273a6-cbe6-4c09-95dc-f5d9ae8962a3,[빗썸] 데이터 분석 개발자,서울강남구
https://www.saramin.co.kr/zf_user/jobs/relay/view?view_type=search&rec_idx=48049319&location=ts&searchword=python&searchType=search&paid_fl=n&search_uuid=ce2273a6-cbe6-4c09-95dc-f5d9ae8962a3,System Engineer 분야별 경력 채용,경기용인시 수지구
https://www.saramin.co.kr/zf_user/jobs/relay/view?view_type=search&rec_idx=48100385&location=ts&searchword=python&searchType=search&paid_fl=n&search_uuid=ce2273a6-cbe6-4c09-95dc-f5d9ae8962a3,[상장사/성수동] 통합로그관리 SW 개발자,서울성동구
https://www.saramin.co.kr/zf_user/jobs/relay/view?view_type=search&rec_idx=47768354&location=ts&searchword=python&searchType=search&paid_fl=n&search_uuid=ce2273a6-cbe6-4c09-95dc-f5d9ae8962a3,AICC/CRM/Bot개발실 개발자 및 TA(Data Analyst) 채용,서울중구
https://www.saramin.co.kr/zf_user/jobs/relay/view?view_type=search&rec_idx=48071067&location=ts&searchword=python&searchType=search&paid_fl=n&search_uuid=ce2273a6-cbe6-4c09-95dc-f5d9ae8962a3,[빗썸] 보안 솔루션 운영 담당자,서울강남구
https://www.saramin.co.kr/zf_user/jobs/relay/view?view_type=search&rec_idx=48079088&location=ts&searchword=python&searchType=search&paid_fl=n&search_uuid=ce2273a6-cbe6-4c09-95dc-f5d9ae8962a3,"H/W개발, F/W개발, S/W개발 부문별 신입 및 경력사원 채용",경기용인시
https://www.saramin.co.kr/zf_user/jobs/relay/view?view_type=search&rec_idx=48071248&location=ts&searchword=python&searchType=search&paid_fl=n&search_uuid=ee149c6f-cb56-4814-9437-15159692e07c,[개발자 채용] 정보시스템 운영 및 개발부문 경력직 채용,경남김해시
https://www.saramin.co.kr/zf_user/jobs/relay/view?view_type=search&rec_idx=48131726&location=ts&searchword=python&searchType=search&paid_fl=n&search_uuid=ee149c6f-cb56-4814-9437-15159692e07c,[업계1위 아이투맥스] 데이터 분석/시각화 태블로 전문가 (신입),경기용인시 기흥구
https://www.saramin.co.kr/zf_user/jobs/relay/view?view_type=search&rec_idx=47956303&location=ts&searchword=python&searchType=search&paid_fl=n&search_uuid=ee149c6f-cb56-4814-9437-15159692e07c,환경 솔루션 개발 신입/경력직 모집합니다,서울성동구
https://www.saramin.co.kr/zf_user/jobs/relay/view?view_type=search&rec_idx=47949612&location=ts&searchword=python&searchType=search&paid_fl=n&search_uuid=ee149c6f-cb56-4814-9437-15159692e07c,[주4.5일] Back end (JAVA) 개발자 경력직 채용,서울구로구
https://www.saramin.co.kr/zf_user/jobs/relay/view?view_type=search&rec_idx=48069815&location=ts&searchword=python&searchType=search&paid_fl=n&search_uuid=ee149c6f-cb56-4814-9437-15159692e07c,S/W QA & Test Engineer (신입/경력) 모집합니다.,서울구로구
https://www.saramin.co.kr/zf_user/jobs/relay/view?view_type=search&rec_idx=48111545&location=ts&searchword=python&searchType=search&paid_fl=n&search_uuid=ee149c6f-cb56-4814-9437-15159692e07c,[ 한국정보통신기술협회 ] 소프트웨어 시험인증 연구원,경기성남시 분당구
https://www.saramin.co.kr/zf_user/jobs/relay/view?view_type=search&rec_idx=48111425&location=ts&searchword=python&searchType=search&paid_fl=n&search_uuid=ee149c6f-cb56-4814-9437-15159692e07c,[ 한국정보통신기술협회 ] 정보통신 시험인증 연구원,경기성남시 분당구
https://www.saramin.co.kr/zf_user/jobs/relay/view?view_type=search&rec_idx=48099736&location=ts&searchword=python&searchType=search&paid_fl=n&search_uuid=ee149c6f-cb56-4814-9437-15159692e07c,2024년 공간정보산업진흥원 수시 2차 직원 채용 공고,경기성남시 분당구
https://www.saramin.co.kr/zf_user/jobs/relay/view?view_type=search&rec_idx=48004630&location=ts&searchword=python&searchType=search&paid_fl=n&search_uuid=ee149c6f-cb56-4814-9437-15159692e07c,"AI, 머신러닝 데이터분석가 등 경력 채용",서울강남구
https://www.saramin.co.kr/zf_user/jobs/relay/view?view_type=search&rec_idx=48047471&location=ts&searchword=python&searchType=search&paid_fl=n&search_uuid=ee149c6f-cb56-4814-9437-15159692e07c,시스템 엔지니어 신입사원 채용,서울강남구
https://www.saramin.co.kr/zf_user/jobs/relay/view?view_type=search&rec_idx=47792838&location=ts&searchword=python&searchType=search&paid_fl=n&search_uuid=ee149c6f-cb56-4814-9437-15159692e07c,"[부산본사] 백엔드, 프론트엔드 개발자(경력) 채용",부산해운대구
https://www.saramin.co.kr/zf_user/jobs/relay/view?view_type=search&rec_idx=48044909&location=ts&searchword=python&searchType=search&paid_fl=n&search_uuid=ee149c6f-cb56-4814-9437-15159692e07c,웹프로그래머 채용,서울마포구
https://www.saramin.co.kr/zf_user/jobs/relay/view?view_type=search&rec_idx=48048759&location=ts&searchword=python&searchType=search&paid_fl=n&search_uuid=ee149c6f-cb56-4814-9437-15159692e07c,"[금융SI] Java, JSP 웹 개발자를 모십니다.",경기하남시
https://www.saramin.co.kr/zf_user/jobs/relay/view?view_type=search&rec_idx=48097687&location=ts&searchword=python&searchType=search&paid_fl=n&search_uuid=ee149c6f-cb56-4814-9437-15159692e07c,[로봇스타트업] 로보틱스 임베디드 엔지니어 모집 (신입/경력),경기광명시
https://www.saramin.co.kr/zf_user/jobs/relay/view?view_type=search&rec_idx=48124365&location=ts&searchword=python&searchType=search&paid_fl=n&search_uuid=ee149c6f-cb56-4814-9437-15159692e07c,[정규직] 솔루션 SW JAVA 경력개발자 채용,서울강남구
https://www.saramin.co.kr/zf_user/jobs/relay/view?view_type=search&rec_idx=48010762&location=ts&searchword=python&searchType=search&paid_fl=n&search_uuid=ee149c6f-cb56-4814-9437-15159692e07c,"R&D / 비전, 제어 개발팀(C# / C++) 외 신입 & 경력 채용 공고",경기화성시
https://www.saramin.co.kr/zf_user/jobs/relay/view?view_type=search&rec_idx=48136480&location=ts&searchword=python&searchType=search&paid_fl=n&search_uuid=ee149c6f-cb56-4814-9437-15159692e07c,[신입] SW 개발 엔지니어 채용,서울서초구
https://www.saramin.co.kr/zf_user/jobs/relay/view?view_type=search&rec_idx=48133291&location=ts&searchword=python&searchType=search&paid_fl=n&search_uuid=ee149c6f-cb56-4814-9437-15159692e07c,SW 개발 엔지니어 모집(C++/C#/MFC 외),대전유성구
https://www.saramin.co.kr/zf_user/jobs/relay/view?view_type=search&rec_idx=48059886&location=ts&searchword=python&searchType=search&paid_fl=n&search_uuid=ee149c6f-cb56-4814-9437-15159692e07c,AI개발자,서울서초구
https://www.saramin.co.kr/zf_user/jobs/relay/view?view_type=search&rec_idx=48091183&location=ts&searchword=python&searchType=search&paid_fl=n&search_uuid=ee149c6f-cb56-4814-9437-15159692e07c,[(주) 쇼엠] 모바일 앱 개발자(팀원) 채용,인천연수구
https://www.saramin.co.kr/zf_user/jobs/relay/view?view_type=search&rec_idx=48087889&location=ts&searchword=python&searchType=search&paid_fl=n&search_uuid=ee149c6f-cb56-4814-9437-15159692e07c,빅데이터 와 인공지능 AI 프로그램 개발자 모십니다.,서울금천구
https://www.saramin.co.kr/zf_user/jobs/relay/view?view_type=search&rec_idx=48087898&location=ts&searchword=python&searchType=search&paid_fl=n&search_uuid=ee149c6f-cb56-4814-9437-15159692e07c,빅데이터 분석 및 시각화 프로그램 개발자 모십니다.,서울금천구
https://www.saramin.co.kr/zf_user/jobs/relay/view?view_type=search&rec_idx=48110872&location=ts&searchword=python&searchType=search&paid_fl=n&search_uuid=ee149c6f-cb56-4814-9437-15159692e07c,로봇 소프트웨어 개발자(엔지니어) 경력직 채용,서울강남구
https://www.saramin.co.kr/zf_user/jobs/relay/view?view_type=search&rec_idx=47950920&location=ts&searchword=python&searchType=search&paid_fl=n&search_uuid=ee149c6f-cb56-4814-9437-15159692e07c,"기술을 함께 성장하실 개발자 모집 - 웹, 앱, 모바일, AI",서울강서구
https://www.saramin.co.kr/zf_user/jobs/relay/view?view_type=search&rec_idx=48047407&location=ts&searchword=python&searchType=search&paid_fl=n&search_uuid=ee149c6f-cb56-4814-9437-15159692e07c,[CAL주식회사/ 일본근무] IT개발자 정사원 채용/ 비전공자 환영,일본
https://www.saramin.co.kr/zf_user/jobs/relay/view?view_type=search&rec_idx=48120305&location=ts&searchword=python&searchType=search&paid_fl=n&search_uuid=ee149c6f-cb56-4814-9437-15159692e07c,[한화이센셜] IT지원/기획 경력사원 채용,충남아산시
https://www.saramin.co.kr/zf_user/jobs/relay/view?view_type=search&rec_idx=48102301&location=ts&searchword=python&searchType=search&paid_fl=n&search_uuid=ee149c6f-cb56-4814-9437-15159692e07c,[데이터엔지니어] 수자원 전공 및 시계열 AI 개발자,부산금정구
https://www.saramin.co.kr/zf_user/jobs/relay/view?view_type=search&rec_idx=48070653&location=ts&searchword=python&searchType=search&paid_fl=n&search_uuid=ee149c6f-cb56-4814-9437-15159692e07c,[한화그룹 계열사/뉴블라] Physical Implementation Engineer,서울강남구
https://www.saramin.co.kr/zf_user/jobs/relay/view?view_type=search&rec_idx=48118852&location=ts&searchword=python&searchType=search&paid_fl=n&search_uuid=ee149c6f-cb56-4814-9437-15159692e07c,[서초구] 딥러닝 임베디드 어플리케이션 SW 청년 개발자 채용,서울서초구
https://www.saramin.co.kr/zf_user/jobs/relay/view?view_type=search&rec_idx=48113791&location=ts&searchword=python&searchType=search&paid_fl=n&search_uuid=ee149c6f-cb56-4814-9437-15159692e07c,2024 (주)에이비에이치 AI연구원 채용 (울산),울산중구
https://www.saramin.co.kr/zf_user/jobs/relay/view?view_type=search&rec_idx=48024046&location=ts&searchword=python&searchType=search&paid_fl=n&search_uuid=ee149c6f-cb56-4814-9437-15159692e07c,[스타랩스] Web개발 경력자 채용,서울강남구
https://www.saramin.co.kr/zf_user/jobs/relay/view?view_type=search&rec_idx=48119888&location=ts&searchword=python&searchType=search&paid_fl=n&search_uuid=ee149c6f-cb56-4814-9437-15159692e07c,중견 자동차 부품 제조사 Application (신입~ ),서울강남구
https://www.saramin.co.kr/zf_user/jobs/relay/view?view_type=search&rec_idx=48083227&location=ts&searchword=python&searchType=search&paid_fl=n&search_uuid=ee149c6f-cb56-4814-9437-15159692e07c,[경력] IT 개발자 및 블록체인 부문 별 채용공고,서울영등포구
https://www.saramin.co.kr/zf_user/jobs/relay/view?view_type=search&rec_idx=48048500&location=ts&searchword=python&searchType=search&paid_fl=n&search_uuid=ee149c6f-cb56-4814-9437-15159692e07c,H카드사 Cloud 운영 담당 채용 (경력-초급),서울영등포구
https://www.saramin.co.kr/zf_user/jobs/relay/view?view_type=search&rec_idx=47950144&location=ts&searchword=python&searchType=search&paid_fl=n&search_uuid=ee149c6f-cb56-4814-9437-15159692e07c,[사이넷] 데이터 분석가 채용 (주 4일제),서울송파구
https://www.saramin.co.kr/zf_user/jobs/relay/view?view_type=search&rec_idx=48094010&location=ts&searchword=python&searchType=search&paid_fl=n&search_uuid=ee149c6f-cb56-4814-9437-15159692e07c,[쿠팡CFS] Analytics Engineer,서울송파구
https://www.saramin.co.kr/zf_user/jobs/relay/view?view_type=search&rec_idx=48142853&location=ts&searchword=python&searchType=search&paid_fl=n&search_uuid=ee149c6f-cb56-4814-9437-15159692e07c,AI 음악 표절 검사 서비스 Mippia 프론트엔드 개발자 모집,서울동작구
https://www.saramin.co.kr/zf_user/jobs/relay/view?view_type=search&rec_idx=47864362&location=ts&searchword=python&searchType=search&paid_fl=n&search_uuid=ee149c6f-cb56-4814-9437-15159692e07c,엠아이큐브솔루션 신입/경력 모집,서울서초구
https://www.saramin.co.kr/zf_user/jobs/relay/view?view_type=search&rec_idx=47980067&location=ts&searchword=python&searchType=search&paid_fl=n&search_uuid=ee149c6f-cb56-4814-9437-15159692e07c,지니언스(주) 2024년 상반기 공개 채용,경기안양시 동안구
https://www.saramin.co.kr/zf_user/jobs/relay/view?view_type=search&rec_idx=47848056&location=ts&searchword=python&searchType=search&paid_fl=n&search_uuid=ee149c6f-cb56-4814-9437-15159692e07c,[기술연구소] 신입 및 경력직 개발자 채용,대전유성구
https://www.saramin.co.kr/zf_user/jobs/relay/view?view_type=search&rec_idx=48083445&location=ts&searchword=python&searchType=search&paid_fl=n&search_uuid=aca52bea-268b-4c62-84a4-77f70f657d20,(전액무료)빅데이터 융합 자바&파이썬 인공지능(AI) 풀스택 개발자 양성과정,서울구로구
https://www.saramin.co.kr/zf_user/jobs/relay/view?view_type=search&rec_idx=48022540&location=ts&searchword=python&searchType=search&paid_fl=n&search_uuid=aca52bea-268b-4c62-84a4-77f70f657d20,"프로덕트 마케팅 엔지니어 모집(Python,라즈베리파이 마케팅)",서울금천구
https://www.saramin.co.kr/zf_user/jobs/relay/view?view_type=search&rec_idx=48005675&location=ts&searchword=python&searchType=search&paid_fl=n&search_uuid=aca52bea-268b-4c62-84a4-77f70f657d20,"데이터 분석 플랫폼 개발 채용 (정규직, Java/Scala, Python)",경기과천시
https://www.saramin.co.kr/zf_user/jobs/relay/view?view_type=search&rec_idx=48027284&location=ts&searchword=python&searchType=search&paid_fl=n&search_uuid=aca52bea-268b-4c62-84a4-77f70f657d20,[(주)씨이랩] 파이썬(Python) 백엔드 개발자 모집,서울강남구
https://www.saramin.co.kr/zf_user/jobs/relay/view?view_type=search&rec_idx=48052724&location=ts&searchword=python&searchType=search&paid_fl=n&search_uuid=aca52bea-268b-4c62-84a4-77f70f657d20,국내 광고 포털 유지 보수 및 신규 서비스 개발 (Python),서울강남구
https://www.saramin.co.kr/zf_user/jobs/relay/view?view_type=search&rec_idx=48095071&location=ts&searchword=python&searchType=search&paid_fl=n&search_uuid=aca52bea-268b-4c62-84a4-77f70f657d20,"[AI] Python JAVA 머신러닝 개발자 모집(석,박사 모집)",대전유성구
https://www.saramin.co.kr/zf_user/jobs/relay/view?view_type=search&rec_idx=47819117&location=ts&searchword=python&searchType=search&paid_fl=n&search_uuid=aca52bea-268b-4c62-84a4-77f70f657d20,"백엔드 개발자 Node.js, Python/5년 이상",서울강남구
https://www.saramin.co.kr/zf_user/jobs/relay/view?view_type=search&rec_idx=42858559&location=ts&searchword=python&searchType=search&paid_fl=n&search_uuid=aca52bea-268b-4c62-84a4-77f70f657d20,Backend Junior Engineer (Python / PHP),서울강남구
https://www.saramin.co.kr/zf_user/jobs/relay/view?view_type=search&rec_idx=46604451&location=ts&searchword=python&searchType=search&paid_fl=n&search_uuid=aca52bea-268b-4c62-84a4-77f70f657d20,[파운트/핀테크] RA(로보어드바이저) 백엔드 개발자(Python),서울중구
https://www.saramin.co.kr/zf_user/jobs/relay/view?view_type=search&rec_idx=47728209&location=ts&searchword=python&searchType=search&paid_fl=n&search_uuid=aca52bea-268b-4c62-84a4-77f70f657d20,"코박(Cobak) 백엔드 개발자 [3년 이상](Python,Django)",경기전체
https://www.saramin.co.kr/zf_user/jobs/relay/view?view_type=search&rec_idx=47730436&location=ts&searchword=python&searchType=search&paid_fl=n&search_uuid=aca52bea-268b-4c62-84a4-77f70f657d20,이커머스 솔루션 Python Backend 개발자,서울강남구
https://www.saramin.co.kr/zf_user/jobs/relay/view?view_type=search&rec_idx=47816366&location=ts&searchword=python&searchType=search&paid_fl=n&search_uuid=aca52bea-268b-4c62-84a4-77f70f657d20,[가산동/주5일] 명품이커머스/ python 백엔드 개발자 채용,서울금천구
https://www.saramin.co.kr/zf_user/jobs/relay/view?view_type=search&rec_idx=47138635&location=ts&searchword=python&searchType=search&paid_fl=n&search_uuid=aca52bea-268b-4c62-84a4-77f70f657d20,[울산] 영상처리 개발자 (Python),울산전체
https://www.saramin.co.kr/zf_user/jobs/relay/view?view_type=search&rec_idx=47963219&location=ts&searchword=python&searchType=search&paid_fl=n&search_uuid=aca52bea-268b-4c62-84a4-77f70f657d20,"인프라 플랫폼 웹개발자 채용 (Laravel,Python,VueJs,MongoDB)",서울영등포구
https://www.saramin.co.kr/zf_user/jobs/relay/view?view_type=search&rec_idx=45931103&location=ts&searchword=python&searchType=search&paid_fl=n&search_uuid=aca52bea-268b-4c62-84a4-77f70f657d20,"웹개발자(Python, DJango)",서울성동구
https://www.saramin.co.kr/zf_user/jobs/relay/view?view_type=search&rec_idx=48003627&location=ts&searchword=python&searchType=search&paid_fl=n&search_uuid=aca52bea-268b-4c62-84a4-77f70f657d20,Python application & Algorithm 개발자,서울강남구
https://www.saramin.co.kr/zf_user/jobs/relay/view?view_type=search&rec_idx=47904679&location=ts&searchword=python&searchType=search&paid_fl=n&search_uuid=aca52bea-268b-4c62-84a4-77f70f657d20,NestJS+Python 백엔드 개발자 채용(씨에스엠17),서울금천구
https://www.saramin.co.kr/zf_user/jobs/relay/view?view_type=search&rec_idx=47996684&location=ts&searchword=python&searchType=search&paid_fl=n&search_uuid=aca52bea-268b-4c62-84a4-77f70f657d20,마스코리아주식회사 Python 시스템개발자 경력 채용(팀장),서울강남구
https://www.saramin.co.kr/zf_user/jobs/relay/view?view_type=search&rec_idx=48006435&location=ts&searchword=python&searchType=search&paid_fl=n&search_uuid=aca52bea-268b-4c62-84a4-77f70f657d20,풀스택 엔지니어(Web/Python/Django),서울마포구
https://www.saramin.co.kr/zf_user/jobs/relay/view?view_type=search&rec_idx=48072559&location=ts&searchword=python&searchType=search&paid_fl=n&search_uuid=aca52bea-268b-4c62-84a4-77f70f657d20,"파이썬(Python, AWS) 경력 개발자 채용",서울서초구
https://www.saramin.co.kr/zf_user/jobs/relay/view?view_type=search&rec_idx=48097660&location=ts&searchword=python&searchType=search&paid_fl=n&search_uuid=aca52bea-268b-4c62-84a4-77f70f657d20,Python Development : Global Project Leader,서울종로구
https://www.saramin.co.kr/zf_user/jobs/relay/view?view_type=search&rec_idx=48129556&location=ts&searchword=python&searchType=search&paid_fl=n&search_uuid=aca52bea-268b-4c62-84a4-77f70f657d20,Python/ Javascript 네이티브 개발,서울강남구
https://www.saramin.co.kr/zf_user/jobs/relay/view?view_type=search&rec_idx=47969072&location=ts&searchword=python&searchType=search&paid_fl=n&search_uuid=aca52bea-268b-4c62-84a4-77f70f657d20,"[딥러닝 개발] 컴퓨터비전/딥러닝 개발자 경력 채용 (C#,Python)",경기화성시
https://www.saramin.co.kr/zf_user/jobs/relay/view?view_type=search&rec_idx=48114627&location=ts&searchword=python&searchType=search&paid_fl=n&search_uuid=aca52bea-268b-4c62-84a4-77f70f657d20,"[개발구매/관리-영어] 플랫폼개발/IBPL/Python, 6~12년, 당산동",서울영등포구
https://www.saramin.co.kr/zf_user/jobs/relay/view?view_type=search&rec_idx=48086104&location=ts&searchword=python&searchType=search&paid_fl=n&search_uuid=aca52bea-268b-4c62-84a4-77f70f657d20,[상장기업] RF Application Engineer (python가능자) (대리~부장,서울강남구
https://www.saramin.co.kr/zf_user/jobs/relay/view?view_type=search&rec_idx=48071916&location=ts&searchword=python&searchType=search&paid_fl=n&search_uuid=aca52bea-268b-4c62-84a4-77f70f657d20,"S/W개발(Python, C++)",경기화성시
https://www.saramin.co.kr/zf_user/jobs/relay/view?view_type=search&rec_idx=48108201&location=ts&searchword=python&searchType=search&paid_fl=n&search_uuid=aca52bea-268b-4c62-84a4-77f70f657d20,"Python, C++개발",경기화성시
https://www.saramin.co.kr/zf_user/jobs/relay/view?view_type=search&rec_idx=48129404&location=ts&searchword=python&searchType=search&paid_fl=n&search_uuid=aca52bea-268b-4c62-84a4-77f70f657d20,원가 및 목표재료비 설계 및 개발(python/javascript),서울영등포구
https://www.saramin.co.kr/zf_user/jobs/relay/view?view_type=search&rec_idx=48126747&location=ts&searchword=python&searchType=search&paid_fl=n&search_uuid=aca52bea-268b-4c62-84a4-77f70f657d20,Python 백엔드 경력자 채용,서울송파구
https://www.saramin.co.kr/zf_user/jobs/relay/view?view_type=search&rec_idx=47757350&location=ts&searchword=python&searchType=search&paid_fl=n&search_uuid=aca52bea-268b-4c62-84a4-77f70f657d20,[본사-US] 중급이상 프리랜서 Python 백엔드 개발자,미국
https://www.saramin.co.kr/zf_user/jobs/relay/view?view_type=search&rec_idx=47959747&location=ts&searchword=python&searchType=search&paid_fl=n&search_uuid=aca52bea-268b-4c62-84a4-77f70f657d20,경력직 풀스택 개발자(ReactJS/Nodejs/Python/PHP 등) 구인공고,경기고양시 일산동구
https://www.saramin.co.kr/zf_user/jobs/relay/view?view_type=search&rec_idx=46846645&location=ts&searchword=python&searchType=search&paid_fl=n&search_uuid=aca52bea-268b-4c62-84a4-77f70f657d20,"C#, C++, Python, Arduino, Raspberry Pi 개발자",서울전체
https://www.saramin.co.kr/zf_user/jobs/relay/view?view_type=search&rec_idx=47373757&location=ts&searchword=python&searchType=search&paid_fl=n&search_uuid=aca52bea-268b-4c62-84a4-77f70f657d20,Back-End Engoneer (Python/Django),서울마포구
https://www.saramin.co.kr/zf_user/jobs/relay/view?view_type=search&rec_idx=48052894&location=ts&searchword=python&searchType=search&paid_fl=n&search_uuid=aca52bea-268b-4c62-84a4-77f70f657d20,"SQA/자동화(CAPL, Python) 정규직 채용(신입/경력) - 대전근무",대전유성구
https://www.saramin.co.kr/zf_user/jobs/relay/view?view_type=search&rec_idx=48138095&location=ts&searchword=python&searchType=search&paid_fl=n&search_uuid=aca52bea-268b-4c62-84a4-77f70f657d20,[Python] Python 프로그래머 계약직 채용,경기성남시 분당구
https://www.saramin.co.kr/zf_user/jobs/relay/view?view_type=search&rec_idx=48020165&location=ts&searchword=python&searchType=search&paid_fl=n&search_uuid=aca52bea-268b-4c62-84a4-77f70f657d20,반도체 장비의 공정 데이터 분석 시스템 개발자(Python),경기성남시 분당구
https://www.saramin.co.kr/zf_user/jobs/relay/view?view_type=search&rec_idx=48123476&location=ts&searchword=python&searchType=search&paid_fl=n&search_uuid=aca52bea-268b-4c62-84a4-77f70f657d20,헬스케어 인공지능 회사 - IT 파이썬 자바 경력 개발자,서울강서구
https://www.saramin.co.kr/zf_user/jobs/relay/view?view_type=search&rec_idx=47801096&location=ts&searchword=python&searchType=search&paid_fl=n&search_uuid=aca52bea-268b-4c62-84a4-77f70f657d20,[안랩/제이슨] (경력모집)프론트/파이썬/빅데이터/PM/영업,서울마포구
https://www.saramin.co.kr/zf_user/jobs/relay/view?view_type=search&rec_idx=48025437&location=ts&searchword=python&searchType=search&paid_fl=n&search_uuid=aca52bea-268b-4c62-84a4-77f70f657d20,파이썬 개발자 신입 및 경력 채용,부산북구
https://www.saramin.co.kr/zf_user/jobs/relay/view?view_type=search&rec_idx=47986672&location=ts&searchword=python&searchType=search&paid_fl=n&search_uuid=aca52bea-268b-4c62-84a4-77f70f657d20,[인천 송도 근무] 파이썬 개발자 사원 채용,인천연수구
https://www.saramin.co.kr/zf_user/jobs/relay/view?view_type=search&rec_idx=47822816&location=ts&searchword=python&searchType=search&paid_fl=n&search_uuid=8129d8a3-ea88-4c25-997f-0500824b1ee4,Cloud본부 java 개발자 채용 (경력),서울서초구
https://www.saramin.co.kr/zf_user/jobs/relay/view?view_type=search&rec_idx=47977141&location=ts&searchword=python&searchType=search&paid_fl=n&search_uuid=8129d8a3-ea88-4c25-997f-0500824b1ee4,[뉴로메카] 인공지능 및 자율주행 로봇 연구원 채용,서울성동구
https://www.saramin.co.kr/zf_user/jobs/relay/view?view_type=search&rec_idx=48111029&location=ts&searchword=python&searchType=search&paid_fl=n&search_uuid=8129d8a3-ea88-4c25-997f-0500824b1ee4,데이터분석가,서울전체
https://www.saramin.co.kr/zf_user/jobs/relay/view?view_type=search&rec_idx=48057676&location=ts&searchword=python&searchType=search&paid_fl=n&search_uuid=8129d8a3-ea88-4c25-997f-0500824b1ee4,[뉴로메카] 제품개발(SW)담당자 채용,서울성동구
https://www.saramin.co.kr/zf_user/jobs/relay/view?view_type=search&rec_idx=48100100&location=ts&searchword=python&searchType=search&paid_fl=n&search_uuid=8129d8a3-ea88-4c25-997f-0500824b1ee4,ITIL/ITSM 과 DevOps 컨설팅 및 로드맵,서울전체
https://www.saramin.co.kr/zf_user/jobs/relay/view?view_type=search&rec_idx=48082012&location=ts&searchword=python&searchType=search&paid_fl=n&search_uuid=8129d8a3-ea88-4c25-997f-0500824b1ee4,응용SW개발/시스템 SW·HW개발/생산기술 채용,대전유성구
https://www.saramin.co.kr/zf_user/jobs/relay/view?view_type=search&rec_idx=48083077&location=ts&searchword=python&searchType=search&paid_fl=n&search_uuid=8129d8a3-ea88-4c25-997f-0500824b1ee4,[크레이버] 글로벌 화장품 브랜드 SKIN1004 데이터 마케팅 인턴 모집,서울강남구
https://www.saramin.co.kr/zf_user/jobs/relay/view?view_type=search&rec_idx=48106057&location=ts&searchword=python&searchType=search&paid_fl=n&search_uuid=8129d8a3-ea88-4c25-997f-0500824b1ee4,2024 채용연계형 SW전문인재양성 교육생 모집,서울종로구
https://www.saramin.co.kr/zf_user/jobs/relay/view?view_type=search&rec_idx=48104867&location=ts&searchword=python&searchType=search&paid_fl=n&search_uuid=8129d8a3-ea88-4c25-997f-0500824b1ee4,디지털혁신실 및 IT연구팀 IT 분야 담당 경력 직원 채용,부산강서구
https://www.saramin.co.kr/zf_user/jobs/relay/view?view_type=search&rec_idx=47966135&location=ts&searchword=python&searchType=search&paid_fl=n&search_uuid=8129d8a3-ea88-4c25-997f-0500824b1ee4,머신러닝 개발자 채용 (DL/ML 기반 데이터 분석),서울용산구
https://www.saramin.co.kr/zf_user/jobs/relay/view?view_type=search&rec_idx=48123094&location=ts&searchword=python&searchType=search&paid_fl=n&search_uuid=8129d8a3-ea88-4c25-997f-0500824b1ee4,아이센트릭 개발자 채용,서울강남구
https://www.saramin.co.kr/zf_user/jobs/relay/view?view_type=search&rec_idx=48116829&location=ts&searchword=python&searchType=search&paid_fl=n&search_uuid=8129d8a3-ea88-4c25-997f-0500824b1ee4,QA 엔지니어/개발자 채용,경기수원시 영통구
https://www.saramin.co.kr/zf_user/jobs/relay/view?view_type=search&rec_idx=48089151&location=ts&searchword=python&searchType=search&paid_fl=n&search_uuid=8129d8a3-ea88-4c25-997f-0500824b1ee4,[정규직/연봉상향/기숙사] X-ray검사장비 소프트웨어 개발 채용,경기안산시 단원구
https://www.saramin.co.kr/zf_user/jobs/relay/view?view_type=search&rec_idx=47962753&location=ts&searchword=python&searchType=search&paid_fl=n&search_uuid=8129d8a3-ea88-4c25-997f-0500824b1ee4,[판교/대기업/자체직전환가능] 다우기술 엔지니어(DevOps) 채용,경기성남시 수정구
https://www.saramin.co.kr/zf_user/jobs/relay/view?view_type=search&rec_idx=48134617&location=ts&searchword=python&searchType=search&paid_fl=n&search_uuid=8129d8a3-ea88-4c25-997f-0500824b1ee4,[의료AI기업]연구분야 모집(의공학 / AI / Neuroimaging / Data),서울강남구
https://www.saramin.co.kr/zf_user/jobs/relay/view?view_type=search&rec_idx=48102283&location=ts&searchword=python&searchType=search&paid_fl=n&search_uuid=8129d8a3-ea88-4c25-997f-0500824b1ee4,스쿨버스 백엔드 개발자 / 클라(Flutter) 개발자(경력1년 이상),서울강서구
https://www.saramin.co.kr/zf_user/jobs/relay/view?view_type=search&rec_idx=48057420&location=ts&searchword=python&searchType=search&paid_fl=n&search_uuid=8129d8a3-ea88-4c25-997f-0500824b1ee4,응용 / 웹 프로그램 / 데이터베이스 개발,서울금천구
https://www.saramin.co.kr/zf_user/jobs/relay/view?view_type=search&rec_idx=47971700&location=ts&searchword=python&searchType=search&paid_fl=n&search_uuid=8129d8a3-ea88-4c25-997f-0500824b1ee4,안드로이드 앱 개발자 (경력),서울전체
https://www.saramin.co.kr/zf_user/jobs/relay/view?view_type=search&rec_idx=48095407&location=ts&searchword=python&searchType=search&paid_fl=n&search_uuid=8129d8a3-ea88-4c25-997f-0500824b1ee4,[베리타스] IT팀 신입/경력사원 채용,서울서초구
https://www.saramin.co.kr/zf_user/jobs/relay/view?view_type=search&rec_idx=47779562&location=ts&searchword=python&searchType=search&paid_fl=n&search_uuid=8129d8a3-ea88-4c25-997f-0500824b1ee4,"현대자동차 협력사 (주)마바산업 신입/경력(엔지니어, 디자인외)",서울강남구
https://www.saramin.co.kr/zf_user/jobs/relay/view?view_type=search&rec_idx=48097415&location=ts&searchword=python&searchType=search&paid_fl=n&search_uuid=8129d8a3-ea88-4c25-997f-0500824b1ee4,마크클라우드 솔루션 개발자 채용 (신입 / 경력),서울강남구
https://www.saramin.co.kr/zf_user/jobs/relay/view?view_type=search&rec_idx=47855235&location=ts&searchword=python&searchType=search&paid_fl=n&search_uuid=8129d8a3-ea88-4c25-997f-0500824b1ee4,"인공지능 빅데이터 개발자 / 정규직 / 경력 - 대리, 과장",서울강남구
https://www.saramin.co.kr/zf_user/jobs/relay/view?view_type=search&rec_idx=48124938&location=ts&searchword=python&searchType=search&paid_fl=n&search_uuid=8129d8a3-ea88-4c25-997f-0500824b1ee4,[패션기업] 비케이브 IT팀 부문별 경력직 채용,서울마포구
https://www.saramin.co.kr/zf_user/jobs/relay/view?view_type=search&rec_idx=48024172&location=ts&searchword=python&searchType=search&paid_fl=n&search_uuid=8129d8a3-ea88-4c25-997f-0500824b1ee4,(주)덱스터스튜디오 VP본부 채용,서울마포구
https://www.saramin.co.kr/zf_user/jobs/relay/view?view_type=search&rec_idx=47982888&location=ts&searchword=python&searchType=search&paid_fl=n&search_uuid=8129d8a3-ea88-4c25-997f-0500824b1ee4,[국비무료]HRD취업률100% 달성 무역/물류 관리 교육생 모집,부산전체
https://www.saramin.co.kr/zf_user/jobs/relay/view?view_type=search&rec_idx=48065094&location=ts&searchword=python&searchType=search&paid_fl=n&search_uuid=8129d8a3-ea88-4c25-997f-0500824b1ee4,(경력) 사내 정보보안 담당자(실무자/팀원급),서울구로구
https://www.saramin.co.kr/zf_user/jobs/relay/view?view_type=search&rec_idx=48104273&location=ts&searchword=python&searchType=search&paid_fl=n&search_uuid=8129d8a3-ea88-4c25-997f-0500824b1ee4,[국비무료]HRD취업률100% 무역/물류 관리 교육생 모집,부산전체
https://www.saramin.co.kr/zf_user/jobs/relay/view?view_type=search&rec_idx=48099133&location=ts&searchword=python&searchType=search&paid_fl=n&search_uuid=8129d8a3-ea88-4c25-997f-0500824b1ee4,"[쿠팡CFS] 물류 자동화 로봇(AGV,AMR) S/W 엔지니어",대구달성군
https://www.saramin.co.kr/zf_user/jobs/relay/view?view_type=search&rec_idx=48097900&location=ts&searchword=python&searchType=search&paid_fl=n&search_uuid=8129d8a3-ea88-4c25-997f-0500824b1ee4,SW 개발자 채용,부산해운대구
https://www.saramin.co.kr/zf_user/jobs/relay/view?view_type=search&rec_idx=47971578&location=ts&searchword=python&searchType=search&paid_fl=n&search_uuid=8129d8a3-ea88-4c25-997f-0500824b1ee4,AI 풀스택 엔지니어 채용,서울서초구
https://www.saramin.co.kr/zf_user/jobs/relay/view?view_type=search&rec_idx=47815877&location=ts&searchword=python&searchType=search&paid_fl=n&search_uuid=8129d8a3-ea88-4c25-997f-0500824b1ee4,[신입/경력] 핀테크 웹 개발자 모집,경기과천시
https://www.saramin.co.kr/zf_user/jobs/relay/view?view_type=search&rec_idx=48057012&location=ts&searchword=python&searchType=search&paid_fl=n&search_uuid=8129d8a3-ea88-4c25-997f-0500824b1ee4,[현대차그룹 SPIN-OFF] 자율주행 Localization And Perception 정규직 채용,경기수원시 영통구
https://www.saramin.co.kr/zf_user/jobs/relay/view?view_type=search&rec_idx=47854864&location=ts&searchword=python&searchType=search&paid_fl=n&search_uuid=8129d8a3-ea88-4c25-997f-0500824b1ee4,인프라 운영 관리( 시스템 엔지니어 ) #유연근무#정규직#선릉역,서울강남구
https://www.saramin.co.kr/zf_user/jobs/relay/view?view_type=search&rec_idx=47980452&location=ts&searchword=python&searchType=search&paid_fl=n&search_uuid=8129d8a3-ea88-4c25-997f-0500824b1ee4,웹 백엔드 개발 경력 채용,서울송파구
https://www.saramin.co.kr/zf_user/jobs/relay/view?view_type=search&rec_idx=48072241&location=ts&searchword=python&searchType=search&paid_fl=n&search_uuid=8129d8a3-ea88-4c25-997f-0500824b1ee4,"빅데이터 분석, AI (머신러닝,딥러닝) 가능한 팀원을 충원합니다",경기김포시
https://www.saramin.co.kr/zf_user/jobs/relay/view?view_type=search&rec_idx=48014204&location=ts&searchword=python&searchType=search&paid_fl=n&search_uuid=8129d8a3-ea88-4c25-997f-0500824b1ee4,데이터분석팀 데이터툴 개발(코딩) 담당 팀원 채용,경기성남시
https://www.saramin.co.kr/zf_user/jobs/relay/view?view_type=search&rec_idx=48106528&location=ts&searchword=python&searchType=search&paid_fl=n&search_uuid=8129d8a3-ea88-4c25-997f-0500824b1ee4,Technical Project Manager (Data),서울성동구
https://www.saramin.co.kr/zf_user/jobs/relay/view?view_type=search&rec_idx=48138029&location=ts&searchword=python&searchType=search&paid_fl=n&search_uuid=8129d8a3-ea88-4c25-997f-0500824b1ee4,인공지능팀 AI 연구원 모집,인천연수구
https://www.saramin.co.kr/zf_user/jobs/relay/view?view_type=search&rec_idx=48105487&location=ts&searchword=python&searchType=search&paid_fl=n&search_uuid=8129d8a3-ea88-4c25-997f-0500824b1ee4,DevOps Engineer,서울성동구
https://www.saramin.co.kr/zf_user/jobs/relay/view?view_type=search&rec_idx=47763692&location=ts&searchword=python&searchType=search&paid_fl=n&search_uuid=8129d8a3-ea88-4c25-997f-0500824b1ee4,(정규/잠실)클라우드(AWS) 서버 시스템 엔지니어(SE/TA) 모집,서울송파구
https://www.saramin.co.kr/zf_user/jobs/relay/view?view_type=search&rec_idx=48036276&location=ts&searchword=python&searchType=search&paid_fl=n&search_uuid=bc8f7a4d-9b9f-45db-8fb3-b940e9f30a48,[백엔드 개발자]로 커리어를 급성장 시킬 수 있는 곳 '패스오더',서울강남구
https://www.saramin.co.kr/zf_user/jobs/relay/view?view_type=search&rec_idx=48041963&location=ts&searchword=python&searchType=search&paid_fl=n&search_uuid=bc8f7a4d-9b9f-45db-8fb3-b940e9f30a48,[348억 투자 유치/IPO추진기업] [이그니스]랩노쉬 2024 공개채용,서울성동구
https://www.saramin.co.kr/zf_user/jobs/relay/view?view_type=search&rec_idx=47590177&location=ts&searchword=python&searchType=search&paid_fl=n&search_uuid=bc8f7a4d-9b9f-45db-8fb3-b940e9f30a48,2024년도 각 부문 신입/경력 채용공고,서울전체
https://www.saramin.co.kr/zf_user/jobs/relay/view?view_type=search&rec_idx=48135762&location=ts&searchword=python&searchType=search&paid_fl=n&search_uuid=bc8f7a4d-9b9f-45db-8fb3-b940e9f30a48,H&iruja 신입/경력 채용,충남아산시
https://www.saramin.co.kr/zf_user/jobs/relay/view?view_type=search&rec_idx=47740524&location=ts&searchword=python&searchType=search&paid_fl=n&search_uuid=bc8f7a4d-9b9f-45db-8fb3-b940e9f30a48,[kt ds] 2024년 각 부문별 경력사원 상시채용,서울서초구
https://www.saramin.co.kr/zf_user/jobs/relay/view?view_type=search&rec_idx=48035686&location=ts&searchword=python&searchType=search&paid_fl=n&search_uuid=bc8f7a4d-9b9f-45db-8fb3-b940e9f30a48,한국전자기술연구원 2024년 1차 정규직 공개채용 공고,경기성남시
https://www.saramin.co.kr/zf_user/jobs/relay/view?view_type=search&rec_idx=48125108&location=ts&searchword=python&searchType=search&paid_fl=n&search_uuid=bc8f7a4d-9b9f-45db-8fb3-b940e9f30a48,[BD Korea] SCM Manager (물류/SCM/CI),서울강남구
https://www.saramin.co.kr/zf_user/jobs/relay/view?view_type=search&rec_idx=48101462&location=ts&searchword=python&searchType=search&paid_fl=n&search_uuid=bc8f7a4d-9b9f-45db-8fb3-b940e9f30a48,[하나금융그룹 자회사] 경력직 수시 채용,서울중구
https://www.saramin.co.kr/zf_user/jobs/relay/view?view_type=search&rec_idx=47954879&location=ts&searchword=python&searchType=search&paid_fl=n&search_uuid=bc8f7a4d-9b9f-45db-8fb3-b940e9f30a48,엠케이에스코리아(유)|아토텍코리아㈜ 2024년 석박사생 여름 인턴십 채용,대전유성구
https://www.saramin.co.kr/zf_user/jobs/relay/view?view_type=search&rec_idx=47699167&location=ts&searchword=python&searchType=search&paid_fl=n&search_uuid=bc8f7a4d-9b9f-45db-8fb3-b940e9f30a48,"2배씩 성장, 업계 최대 대우(PD/작가/AE/디자이너/경영지원)",서울강남구
https://www.saramin.co.kr/zf_user/jobs/relay/view?view_type=search&rec_idx=47971405&location=ts&searchword=python&searchType=search&paid_fl=n&search_uuid=bc8f7a4d-9b9f-45db-8fb3-b940e9f30a48,에이엠㈜ 신입/경력 채용 모집,경기과천시
https://www.saramin.co.kr/zf_user/jobs/relay/view?view_type=search&rec_idx=48009264&location=ts&searchword=python&searchType=search&paid_fl=n&search_uuid=bc8f7a4d-9b9f-45db-8fb3-b940e9f30a48,[사세확장] 각 부서별 정규직 채용,경기김포시
https://www.saramin.co.kr/zf_user/jobs/relay/view?view_type=search&rec_idx=47370206&location=ts&searchword=python&searchType=search&paid_fl=n&search_uuid=bc8f7a4d-9b9f-45db-8fb3-b940e9f30a48,2024년 상반기 각 부문 신입/경력 상시 채용,서울서초구
https://www.saramin.co.kr/zf_user/jobs/relay/view?view_type=search&rec_idx=47389370&location=ts&searchword=python&searchType=search&paid_fl=n&search_uuid=bc8f7a4d-9b9f-45db-8fb3-b940e9f30a48,2024년 대양전기공업㈜ 신입/경력 채용,부산사하구
https://www.saramin.co.kr/zf_user/jobs/relay/view?view_type=search&rec_idx=48118768&location=ts&searchword=python&searchType=search&paid_fl=n&search_uuid=bc8f7a4d-9b9f-45db-8fb3-b940e9f30a48,2024년 상반기 신입·경력사원 채용,서울서초구
https://www.saramin.co.kr/zf_user/jobs/relay/view?view_type=search&rec_idx=48097181&location=ts&searchword=python&searchType=search&paid_fl=n&search_uuid=bc8f7a4d-9b9f-45db-8fb3-b940e9f30a48,2024년 5월 국내 및 해외 전부문 수시 채용,충남천안시 동남구
https://www.saramin.co.kr/zf_user/jobs/relay/view?view_type=search&rec_idx=48115404&location=ts&searchword=python&searchType=search&paid_fl=n&search_uuid=bc8f7a4d-9b9f-45db-8fb3-b940e9f30a48,도미노피자 각 부문(자회사 포함) 공개 채용,서울강남구
https://www.saramin.co.kr/zf_user/jobs/relay/view?view_type=search&rec_idx=47976673&location=ts&searchword=python&searchType=search&paid_fl=n&search_uuid=bc8f7a4d-9b9f-45db-8fb3-b940e9f30a48,이커머스 솔루션 웹 Frontend 개발자,서울강남구
https://www.saramin.co.kr/zf_user/jobs/relay/view?view_type=search&rec_idx=48115151&location=ts&searchword=python&searchType=search&paid_fl=n&search_uuid=bc8f7a4d-9b9f-45db-8fb3-b940e9f30a48,부문별 우수 인재 모집,충북청주시
https://www.saramin.co.kr/zf_user/jobs/relay/view?view_type=search&rec_idx=48120906&location=ts&searchword=python&searchType=search&paid_fl=n&search_uuid=bc8f7a4d-9b9f-45db-8fb3-b940e9f30a48,[DB하이텍 & DB글로벌칩] 경력사원 공개채용 (5월),경기부천시
https://www.saramin.co.kr/zf_user/jobs/relay/view?view_type=search&rec_idx=48090548&location=ts&searchword=python&searchType=search&paid_fl=n&search_uuid=bc8f7a4d-9b9f-45db-8fb3-b940e9f30a48,"[앤씨앤/넥스트칩] 2024년 5월 연구소, 영업마케팅 각 부문 모집",경기성남시 분당구
https://www.saramin.co.kr/zf_user/jobs/relay/view?view_type=search&rec_idx=48003704&location=ts&searchword=python&searchType=search&paid_fl=n&search_uuid=bc8f7a4d-9b9f-45db-8fb3-b940e9f30a48,2024 DT 제조혁신 양성과정 모집,경남거제시
https://www.saramin.co.kr/zf_user/jobs/relay/view?view_type=search&rec_idx=48096609&location=ts&searchword=python&searchType=search&paid_fl=n&search_uuid=bc8f7a4d-9b9f-45db-8fb3-b940e9f30a48,2024년 상반기 신입 및 경력 대규모 채용,서울금천구
https://www.saramin.co.kr/zf_user/jobs/relay/view?view_type=search&rec_idx=48089841&location=ts&searchword=python&searchType=search&paid_fl=n&search_uuid=bc8f7a4d-9b9f-45db-8fb3-b940e9f30a48,(주)리파인 각 부문별 신입/경력 채용공고,서울강남구
https://www.saramin.co.kr/zf_user/jobs/relay/view?view_type=search&rec_idx=48031100&location=ts&searchword=python&searchType=search&paid_fl=n&search_uuid=bc8f7a4d-9b9f-45db-8fb3-b940e9f30a48,[서울/신입 또는 경력 1년 이상] 데이터분석팀 - 데이터 분석가,서울강남구
https://www.saramin.co.kr/zf_user/jobs/relay/view?view_type=search&rec_idx=48121635&location=ts&searchword=python&searchType=search&paid_fl=n&search_uuid=bc8f7a4d-9b9f-45db-8fb3-b940e9f30a48,2024년 각 부문별 신입/경력 채용,대전유성구
https://www.saramin.co.kr/zf_user/jobs/relay/view?view_type=search&rec_idx=48142224&location=ts&searchword=python&searchType=search&paid_fl=n&search_uuid=bc8f7a4d-9b9f-45db-8fb3-b940e9f30a48,HR 채용 솔루션 신입 및 경력직 개발자 채용,서울마포구
https://www.saramin.co.kr/zf_user/jobs/relay/view?view_type=search&rec_idx=47778708&location=ts&searchword=python&searchType=search&paid_fl=n&search_uuid=bc8f7a4d-9b9f-45db-8fb3-b940e9f30a48,(주)더캐리 정보혁신부 IT부문별 공개채용,서울용산구
https://www.saramin.co.kr/zf_user/jobs/relay/view?view_type=search&rec_idx=48002586&location=ts&searchword=python&searchType=search&paid_fl=n&search_uuid=bc8f7a4d-9b9f-45db-8fb3-b940e9f30a48,(주)와이지비에스 백엔드 개발자 신입/경력 채용,서울마포구
https://www.saramin.co.kr/zf_user/jobs/relay/view?view_type=search&rec_idx=48102393&location=ts&searchword=python&searchType=search&paid_fl=n&search_uuid=bc8f7a4d-9b9f-45db-8fb3-b940e9f30a48,Datacenter Engineer (사원 ~ 과장급),서울강남구
https://www.saramin.co.kr/zf_user/jobs/relay/view?view_type=search&rec_idx=48075721&location=ts&searchword=python&searchType=search&paid_fl=n&search_uuid=bc8f7a4d-9b9f-45db-8fb3-b940e9f30a48,실시간 데이터 처리 및 웹 개발자 모집,부산전체
https://www.saramin.co.kr/zf_user/jobs/relay/view?view_type=search&rec_idx=47856969&location=ts&searchword=python&searchType=search&paid_fl=n&search_uuid=bc8f7a4d-9b9f-45db-8fb3-b940e9f30a48,패널빅데이터센터 데이터사이언스팀 데이터 분석가(신입/경력),서울강남구
https://www.saramin.co.kr/zf_user/jobs/relay/view?view_type=search&rec_idx=48101949&location=ts&searchword=python&searchType=search&paid_fl=n&search_uuid=bc8f7a4d-9b9f-45db-8fb3-b940e9f30a48,[중고나라]데이터 엔지니어 (신입),서울서초구
https://www.saramin.co.kr/zf_user/jobs/relay/view?view_type=search&rec_idx=48035377&location=ts&searchword=python&searchType=search&paid_fl=n&search_uuid=bc8f7a4d-9b9f-45db-8fb3-b940e9f30a48,반도체 부문 신입/경력사원 모집,경기화성시
https://www.saramin.co.kr/zf_user/jobs/relay/view?view_type=search&rec_idx=48075572&location=ts&searchword=python&searchType=search&paid_fl=n&search_uuid=bc8f7a4d-9b9f-45db-8fb3-b940e9f30a48,㈜넷맨 연구소 신입/경력 공개채용,서울금천구
https://www.saramin.co.kr/zf_user/jobs/relay/view?view_type=search&rec_idx=48043373&location=ts&searchword=python&searchType=search&paid_fl=n&search_uuid=bc8f7a4d-9b9f-45db-8fb3-b940e9f30a48,서울 개발팀 각 부문별 채용,서울영등포구
https://www.saramin.co.kr/zf_user/jobs/relay/view?view_type=search&rec_idx=48080858&location=ts&searchword=python&searchType=search&paid_fl=n&search_uuid=bc8f7a4d-9b9f-45db-8fb3-b940e9f30a48,2024년 각 부문 신입/경력 채용,서울구로구
https://www.saramin.co.kr/zf_user/jobs/relay/view?view_type=search&rec_idx=48135955&location=ts&searchword=python&searchType=search&paid_fl=n&search_uuid=bc8f7a4d-9b9f-45db-8fb3-b940e9f30a48,ITEASY 시스템 개발팀 신입&경력 채용,서울서초구
https://www.saramin.co.kr/zf_user/jobs/relay/view?view_type=search&rec_idx=48004096&location=ts&searchword=python&searchType=search&paid_fl=n&search_uuid=bc8f7a4d-9b9f-45db-8fb3-b940e9f30a48,전산팀 신입/경력 채용 [주 35시간 근무],서울서초구
https://www.saramin.co.kr/zf_user/jobs/relay/view?view_type=search&rec_idx=48004424&location=ts&searchword=python&searchType=search&paid_fl=n&search_uuid=bc8f7a4d-9b9f-45db-8fb3-b940e9f30a48,㈜마이크로인피니티 대전사업장 정규직 사원 모집,대전유성구
https://www.saramin.co.kr/zf_user/jobs/relay/view?view_type=search&rec_idx=48131391&location=ts&searchword=python&searchType=search&paid_fl=n&search_uuid=9f4ccfd7-303b-440d-af4a-6b611a33dbc3,[업계 1위 아이투맥스] 클라우드 솔루션 개발자 채용 (Java 3년),서울마포구
https://www.saramin.co.kr/zf_user/jobs/relay/view?view_type=search&rec_idx=48130152&location=ts&searchword=python&searchType=search&paid_fl=n&search_uuid=9f4ccfd7-303b-440d-af4a-6b611a33dbc3,창의적인 소프트웨어 팀을 구성할 인재를 찾습니다(경력),부산해운대구
https://www.saramin.co.kr/zf_user/jobs/relay/view?view_type=search&rec_idx=48027355&location=ts&searchword=python&searchType=search&paid_fl=n&search_uuid=9f4ccfd7-303b-440d-af4a-6b611a33dbc3,[트랜스코스모스/여의도] 당사 CX개발1부 개발 담당자 MKr2,서울영등포구
https://www.saramin.co.kr/zf_user/jobs/relay/view?view_type=search&rec_idx=48070975&location=ts&searchword=python&searchType=search&paid_fl=n&search_uuid=9f4ccfd7-303b-440d-af4a-6b611a33dbc3,[한화그룹 계열사/뉴블라] NPU SoC Design Engineer,서울강남구
https://www.saramin.co.kr/zf_user/jobs/relay/view?view_type=search&rec_idx=47774328&location=ts&searchword=python&searchType=search&paid_fl=n&search_uuid=9f4ccfd7-303b-440d-af4a-6b611a33dbc3,AI Data Scientist,서울서초구
https://www.saramin.co.kr/zf_user/jobs/relay/view?view_type=search&rec_idx=48024675&location=ts&searchword=python&searchType=search&paid_fl=n&search_uuid=9f4ccfd7-303b-440d-af4a-6b611a33dbc3,[트랜스코스모스/여의도] 당사 CX개발부 개발자 채용 Mp7B,서울영등포구
https://www.saramin.co.kr/zf_user/jobs/relay/view?view_type=search&rec_idx=48001696&location=ts&searchword=python&searchType=search&paid_fl=n&search_uuid=9f4ccfd7-303b-440d-af4a-6b611a33dbc3,퀀트 트레이더 모집,서울강남구
https://www.saramin.co.kr/zf_user/jobs/relay/view?view_type=search&rec_idx=48094546&location=ts&searchword=python&searchType=search&paid_fl=n&search_uuid=9f4ccfd7-303b-440d-af4a-6b611a33dbc3,LINE Messaging Anti-Abuse Data Engineer,경기성남시 분당구
https://www.saramin.co.kr/zf_user/jobs/relay/view?view_type=search&rec_idx=48138291&location=ts&searchword=python&searchType=search&paid_fl=n&search_uuid=9f4ccfd7-303b-440d-af4a-6b611a33dbc3,[NAVER Cloud] Multimodal LLM 모델 개발을 위한 Data 업무,경기성남시 분당구
https://www.saramin.co.kr/zf_user/jobs/relay/view?view_type=search&rec_idx=48051600&location=ts&searchword=python&searchType=search&paid_fl=n&search_uuid=9f4ccfd7-303b-440d-af4a-6b611a33dbc3,시계열 데이터 엔지니어 및 데이터 분석가,서울서초구
https://www.saramin.co.kr/zf_user/jobs/relay/view?view_type=search&rec_idx=47669642&location=ts&searchword=python&searchType=search&paid_fl=n&search_uuid=9f4ccfd7-303b-440d-af4a-6b611a33dbc3,Network Engineer 채용,서울강남구
https://www.saramin.co.kr/zf_user/jobs/relay/view?view_type=search&rec_idx=48101621&location=ts&searchword=python&searchType=search&paid_fl=n&search_uuid=9f4ccfd7-303b-440d-af4a-6b611a33dbc3,[딥테크R&D] 백엔드 개발자(Backend Developer) 경력 모집,부산기장군
https://www.saramin.co.kr/zf_user/jobs/relay/view?view_type=search&rec_idx=48112124&location=ts&searchword=python&searchType=search&paid_fl=n&search_uuid=9f4ccfd7-303b-440d-af4a-6b611a33dbc3,R&D센터 경력직 개발자 채용,서울서초구
https://www.saramin.co.kr/zf_user/jobs/relay/view?view_type=search&rec_idx=48063276&location=ts&searchword=python&searchType=search&paid_fl=n&search_uuid=9f4ccfd7-303b-440d-af4a-6b611a33dbc3,Android(Kotlin) 개발자 채용,서울강남구
https://www.saramin.co.kr/zf_user/jobs/relay/view?view_type=search&rec_idx=48062814&location=ts&searchword=python&searchType=search&paid_fl=n&search_uuid=9f4ccfd7-303b-440d-af4a-6b611a33dbc3,(주)휴비츠 전자 설계 신입 및 경력 채용,경기안양시 동안구
https://www.saramin.co.kr/zf_user/jobs/relay/view?view_type=search&rec_idx=48111065&location=ts&searchword=python&searchType=search&paid_fl=n&search_uuid=9f4ccfd7-303b-440d-af4a-6b611a33dbc3,[원주] 개발자(Frontend/Backend) 신규 및 경력 정규직 채용,강원원주시
https://www.saramin.co.kr/zf_user/jobs/relay/view?view_type=search&rec_idx=48104112&location=ts&searchword=python&searchType=search&paid_fl=n&search_uuid=9f4ccfd7-303b-440d-af4a-6b611a33dbc3,[ISTQB 교육/자격시험 지원]SW 테스트 엔지니어 모집(일반 부문),경기성남시 분당구
https://www.saramin.co.kr/zf_user/jobs/relay/view?view_type=search&rec_idx=47902556&location=ts&searchword=python&searchType=search&paid_fl=n&search_uuid=9f4ccfd7-303b-440d-af4a-6b611a33dbc3,상반기 인공지능(AI)·빅데이터 개발부(자연어/이미지 처리),서울영등포구
https://www.saramin.co.kr/zf_user/jobs/relay/view?view_type=search&rec_idx=48045944&location=ts&searchword=python&searchType=search&paid_fl=n&search_uuid=9f4ccfd7-303b-440d-af4a-6b611a33dbc3,2024 상반기 각 부문별 채용,서울금천구
https://www.saramin.co.kr/zf_user/jobs/relay/view?view_type=search&rec_idx=47895808&location=ts&searchword=python&searchType=search&paid_fl=n&search_uuid=9f4ccfd7-303b-440d-af4a-6b611a33dbc3,"연구소 개발자 채용 (학사이상, 석사이상)",서울구로구
https://www.saramin.co.kr/zf_user/jobs/relay/view?view_type=search&rec_idx=47922679&location=ts&searchword=python&searchType=search&paid_fl=n&search_uuid=9f4ccfd7-303b-440d-af4a-6b611a33dbc3,헬스케어 보험심사 개발(부산) 채용공고,부산해운대구
https://www.saramin.co.kr/zf_user/jobs/relay/view?view_type=search&rec_idx=47962920&location=ts&searchword=python&searchType=search&paid_fl=n&search_uuid=9f4ccfd7-303b-440d-af4a-6b611a33dbc3,(주)미스릴 2024 상반기 채용 - AI 서비스 SW 엔지니어,서울송파구
https://www.saramin.co.kr/zf_user/jobs/relay/view?view_type=search&rec_idx=47901023&location=ts&searchword=python&searchType=search&paid_fl=n&search_uuid=9f4ccfd7-303b-440d-af4a-6b611a33dbc3,[CONTEC] 소프트웨어 개발자 모집,대전유성구
https://www.saramin.co.kr/zf_user/jobs/relay/view?view_type=search&rec_idx=48117598&location=ts&searchword=python&searchType=search&paid_fl=n&search_uuid=9f4ccfd7-303b-440d-af4a-6b611a33dbc3,AI/DX융합개발부문 데이터 라벨링 인력 모집,대구수성구
https://www.saramin.co.kr/zf_user/jobs/relay/view?view_type=search&rec_idx=48025886&location=ts&searchword=python&searchType=search&paid_fl=n&search_uuid=9f4ccfd7-303b-440d-af4a-6b611a33dbc3,반도체 분석기기 Software Engineer 신입 채용,경기화성시
https://www.saramin.co.kr/zf_user/jobs/relay/view?view_type=search&rec_idx=48109046&location=ts&searchword=python&searchType=search&paid_fl=n&search_uuid=9f4ccfd7-303b-440d-af4a-6b611a33dbc3,대리티켓팅 시스템 개발 보조,서울용산구
https://www.saramin.co.kr/zf_user/jobs/relay/view?view_type=search&rec_idx=48052235&location=ts&searchword=python&searchType=search&paid_fl=n&search_uuid=9f4ccfd7-303b-440d-af4a-6b611a33dbc3,[카카오자회사] 카카오 그룹사 서비스 Back-end개발자(제주근무),제주제주시
https://www.saramin.co.kr/zf_user/jobs/relay/view?view_type=search&rec_idx=48078588&location=ts&searchword=python&searchType=search&paid_fl=n&search_uuid=9f4ccfd7-303b-440d-af4a-6b611a33dbc3,AI 개발 및 데이터 분석 엔지니어 모집(신입/경력),경기성남시 분당구
https://www.saramin.co.kr/zf_user/jobs/relay/view?view_type=search&rec_idx=48084424&location=ts&searchword=python&searchType=search&paid_fl=n&search_uuid=9f4ccfd7-303b-440d-af4a-6b611a33dbc3,물류시스템 웹 개발자를 찾습니다.,서울강서구
https://www.saramin.co.kr/zf_user/jobs/relay/view?view_type=search&rec_idx=48113857&location=ts&searchword=python&searchType=search&paid_fl=n&search_uuid=9f4ccfd7-303b-440d-af4a-6b611a33dbc3,(주)솔리드이엔지 사무직 - 클라우드 기술 신입사원,대전유성구
https://www.saramin.co.kr/zf_user/jobs/relay/view?view_type=search&rec_idx=48078181&location=ts&searchword=python&searchType=search&paid_fl=n&search_uuid=9f4ccfd7-303b-440d-af4a-6b611a33dbc3,일상상점 서비스 웹 개발자를 찾습니다.,서울강서구
https://www.saramin.co.kr/zf_user/jobs/relay/view?view_type=search&rec_idx=47993243&location=ts&searchword=python&searchType=search&paid_fl=n&search_uuid=9f4ccfd7-303b-440d-af4a-6b611a33dbc3,[SRE Tech팀] 풀스택(Full-stack) 개발자 모집,서울동작구
https://www.saramin.co.kr/zf_user/jobs/relay/view?view_type=search&rec_idx=48115489&location=ts&searchword=python&searchType=search&paid_fl=n&search_uuid=9f4ccfd7-303b-440d-af4a-6b611a33dbc3,2024년 인턴채용 (채용연계형) (이커머스),서울종로구
https://www.saramin.co.kr/zf_user/jobs/relay/view?view_type=search&rec_idx=47980738&location=ts&searchword=python&searchType=search&paid_fl=n&search_uuid=9f4ccfd7-303b-440d-af4a-6b611a33dbc3,[면접비 지급] 머신비전 검사운영자 채용,경기화성시
https://www.saramin.co.kr/zf_user/jobs/relay/view?view_type=search&rec_idx=48102627&location=ts&searchword=python&searchType=search&paid_fl=n&search_uuid=9f4ccfd7-303b-440d-af4a-6b611a33dbc3,"[자율출근]출퇴근FREE 백엔드 경력(typescript, nodejs, MySQL)",서울서초구
https://www.saramin.co.kr/zf_user/jobs/relay/view?view_type=search&rec_idx=48090165&location=ts&searchword=python&searchType=search&paid_fl=n&search_uuid=9f4ccfd7-303b-440d-af4a-6b611a33dbc3,"[면접비 지급] 프로그램 개발, 운용 필드엔지니어 영입",경기화성시
https://www.saramin.co.kr/zf_user/jobs/relay/view?view_type=search&rec_idx=48000161&location=ts&searchword=python&searchType=search&paid_fl=n&search_uuid=9f4ccfd7-303b-440d-af4a-6b611a33dbc3,[부산근무] 신규 플랫폼 개발 백엔드 개발자 모집,부산동구
https://www.saramin.co.kr/zf_user/jobs/relay/view?view_type=search&rec_idx=48091045&location=ts&searchword=python&searchType=search&paid_fl=n&search_uuid=9f4ccfd7-303b-440d-af4a-6b611a33dbc3,iM DiGital Banker Academy 데이터 분석 전문가 양성과정,대구수성구
https://www.saramin.co.kr/zf_user/jobs/relay/view?view_type=search&rec_idx=48008713&location=ts&searchword=python&searchType=search&paid_fl=n&search_uuid=9f4ccfd7-303b-440d-af4a-6b611a33dbc3,S/W 개발자 채용 (신입/경력 무관),대구수성구
https://www.saramin.co.kr/zf_user/jobs/relay/view?view_type=search&rec_idx=48099595&location=ts&searchword=python&searchType=search&paid_fl=n&search_uuid=9f4ccfd7-303b-440d-af4a-6b611a33dbc3,[메가존클라우드] Global Managed Service Engineer,서울강남구
https://www.saramin.co.kr/zf_user/jobs/relay/view?view_type=search&rec_idx=47812963&location=ts&searchword=python&searchType=search&paid_fl=n&search_uuid=a393b184-2531-4779-9f29-01768f005702,APP 개발(Python) 경력직 모집,서울전체
https://www.saramin.co.kr/zf_user/jobs/relay/view?view_type=search&rec_idx=47921172&location=ts&searchword=python&searchType=search&paid_fl=n&search_uuid=a393b184-2531-4779-9f29-01768f005702,케파스 기술연구소 연구원 모집 (Java/Python),서울강남구
https://www.saramin.co.kr/zf_user/jobs/relay/view?view_type=search&rec_idx=48032564&location=ts&searchword=python&searchType=search&paid_fl=n&search_uuid=a393b184-2531-4779-9f29-01768f005702,[Python] ROS2 Aplication 개발자,서울강남구
https://www.saramin.co.kr/zf_user/jobs/relay/view?view_type=search&rec_idx=48089666&location=ts&searchword=python&searchType=search&paid_fl=n&search_uuid=a393b184-2531-4779-9f29-01768f005702,웹개발자 (JAVA PYTHON) 경력 채용,서울금천구
https://www.saramin.co.kr/zf_user/jobs/relay/view?view_type=search&rec_idx=47804224&location=ts&searchword=python&searchType=search&paid_fl=n&search_uuid=a393b184-2531-4779-9f29-01768f005702,[안랩-제이슨] Python 파이썬 개발자 영입,서울마포구
https://www.saramin.co.kr/zf_user/jobs/relay/view?view_type=search&rec_idx=47845294&location=ts&searchword=python&searchType=search&paid_fl=n&search_uuid=a393b184-2531-4779-9f29-01768f005702,소프트웨어 개발 (Java&Python) 신입 및 경력 모집,서울강남구
https://www.saramin.co.kr/zf_user/jobs/relay/view?view_type=search&rec_idx=48043399&location=ts&searchword=python&searchType=search&paid_fl=n&search_uuid=a393b184-2531-4779-9f29-01768f005702,"프로그래밍(JAVA, Python) / 디자인 / OA / 회계 분야 강사 채용",충북청주시 상당구
https://www.saramin.co.kr/zf_user/jobs/relay/view?view_type=search&rec_idx=48035796&location=ts&searchword=python&searchType=search&paid_fl=n&search_uuid=a393b184-2531-4779-9f29-01768f005702,[NDSOFT] 24년도 데이터처리(Python) 개발자 채용공고,서울강남구
https://www.saramin.co.kr/zf_user/jobs/relay/view?view_type=search&rec_idx=47813665&location=ts&searchword=python&searchType=search&paid_fl=n&search_uuid=a393b184-2531-4779-9f29-01768f005702,C++NET 프로그램 or Python 프로그램 개발자 모집,경기성남시 분당구
https://www.saramin.co.kr/zf_user/jobs/relay/view?view_type=search&rec_idx=48023994&location=ts&searchword=python&searchType=search&paid_fl=n&search_uuid=a393b184-2531-4779-9f29-01768f005702,"Python/PHP개발자, 디자이너, 퍼블리셔, 기획자 신입/경력",서울강남구
https://www.saramin.co.kr/zf_user/jobs/relay/view?view_type=search&rec_idx=47996624&location=ts&searchword=python&searchType=search&paid_fl=n&search_uuid=a393b184-2531-4779-9f29-01768f005702,마스코리아주식회사 Python 시스템개발자 신입 채용,서울강남구
https://www.saramin.co.kr/zf_user/jobs/relay/view?view_type=search&rec_idx=48136992&location=ts&searchword=python&searchType=search&paid_fl=n&search_uuid=a393b184-2531-4779-9f29-01768f005702,"Linux/Unix C, C++, Python 개발자 신입/경력 모집",서울송파구
https://www.saramin.co.kr/zf_user/jobs/relay/view?view_type=search&rec_idx=48130314&location=ts&searchword=python&searchType=search&paid_fl=n&search_uuid=a393b184-2531-4779-9f29-01768f005702,"게임 데이터분석 담당/SQL, Tableau, Python/세계적인 게임사",경기성남시 분당구
https://www.saramin.co.kr/zf_user/jobs/relay/view?view_type=search&rec_idx=48095047&location=ts&searchword=python&searchType=search&paid_fl=n&search_uuid=a393b184-2531-4779-9f29-01768f005702,[AI] Python JAVA 머신러닝 개발자 모집,대전유성구
https://www.saramin.co.kr/zf_user/jobs/relay/view?view_type=search&rec_idx=47983966&location=ts&searchword=python&searchType=search&paid_fl=n&search_uuid=a393b184-2531-4779-9f29-01768f005702,"의료/경영 데이터분석 (SQL , Python, Tableau 3년이상)",서울강남구
https://www.saramin.co.kr/zf_user/jobs/relay/view?view_type=search&rec_idx=48045044&location=ts&searchword=python&searchType=search&paid_fl=n&search_uuid=a393b184-2531-4779-9f29-01768f005702,"소프트웨어 개발자 (사용언어 C , python)",대전유성구
https://www.saramin.co.kr/zf_user/jobs/relay/view?view_type=search&rec_idx=47952445&location=ts&searchword=python&searchType=search&paid_fl=n&search_uuid=a393b184-2531-4779-9f29-01768f005702,[벤처기업] 오더플러스 Python / Backend Developer 파트타이머,서울강남구
https://www.saramin.co.kr/zf_user/jobs/relay/view?view_type=search&rec_idx=47888867&location=ts&searchword=python&searchType=search&paid_fl=n&search_uuid=a393b184-2531-4779-9f29-01768f005702,[재택근무] REACT · PHP · PYTHON 개발자 채용,서울양천구
https://www.saramin.co.kr/zf_user/jobs/relay/view?view_type=search&rec_idx=48029394&location=ts&searchword=python&searchType=search&paid_fl=n&search_uuid=a393b184-2531-4779-9f29-01768f005702,"RPA, Python, Javascript 외 정규직 모집 공고(신입)",경기성남시 중원구
https://www.saramin.co.kr/zf_user/jobs/relay/view?view_type=search&rec_idx=48035779&location=ts&searchword=python&searchType=search&paid_fl=n&search_uuid=a393b184-2531-4779-9f29-01768f005702,[NDSOFT] 2024년도 데이터처리(Python) 개발자 채용공고,부산해운대구
https://www.saramin.co.kr/zf_user/jobs/relay/view?view_type=search&rec_idx=48114742&location=ts&searchword=python&searchType=search&paid_fl=n&search_uuid=a393b184-2531-4779-9f29-01768f005702,[수원] IT 솔루션 스타트업 Python 개발자 채용,경기수원시 팔달구
https://www.saramin.co.kr/zf_user/jobs/relay/view?view_type=search&rec_idx=48145140&location=ts&searchword=python&searchType=search&paid_fl=n&search_uuid=a393b184-2531-4779-9f29-01768f005702,[에코마케팅] 백엔드 엔지니어(Python) 신입사원/경력 채용,서울송파구
https://www.saramin.co.kr/zf_user/jobs/relay/view?view_type=search&rec_idx=48007574&location=ts&searchword=python&searchType=search&paid_fl=n&search_uuid=a393b184-2531-4779-9f29-01768f005702,데이터 스크래핑/API연동 개발자 (Python),서울강남구
https://www.saramin.co.kr/zf_user/jobs/relay/view?view_type=search&rec_idx=48066863&location=ts&searchword=python&searchType=search&paid_fl=n&search_uuid=a393b184-2531-4779-9f29-01768f005702,[가산동/주5일] 명품이커머스/ python 백엔드 주니어 개발자 채,서울금천구
https://www.saramin.co.kr/zf_user/jobs/relay/view?view_type=search&rec_idx=47764532&location=ts&searchword=python&searchType=search&paid_fl=n&search_uuid=a393b184-2531-4779-9f29-01768f005702,센서 통신 응용 프로그램 개발자(Python/C#),대전유성구
https://www.saramin.co.kr/zf_user/jobs/relay/view?view_type=search&rec_idx=48134632&location=ts&searchword=python&searchType=search&paid_fl=n&search_uuid=a393b184-2531-4779-9f29-01768f005702,파이썬(Python) 프로그램 개발자 모십니다,서울강남구
https://www.saramin.co.kr/zf_user/jobs/relay/view?view_type=search&rec_idx=48025474&location=ts&searchword=python&searchType=search&paid_fl=n&search_uuid=a393b184-2531-4779-9f29-01768f005702,"소프트웨어 개발자(C#, Python) 모집공고",대전유성구
https://www.saramin.co.kr/zf_user/jobs/relay/view?view_type=search&rec_idx=48128539&location=ts&searchword=python&searchType=search&paid_fl=n&search_uuid=a393b184-2531-4779-9f29-01768f005702,"2024년 데이터분석, 개발 (Python/JAVA/SAS) 정규직 채용",대전유성구
https://www.saramin.co.kr/zf_user/jobs/relay/view?view_type=search&rec_idx=47982395&location=ts&searchword=python&searchType=search&paid_fl=n&search_uuid=a393b184-2531-4779-9f29-01768f005702,Python 개발 신입/경력 채용,경기고양시 일산서구
https://www.saramin.co.kr/zf_user/jobs/relay/view?view_type=search&rec_idx=48123584&location=ts&searchword=python&searchType=search&paid_fl=n&search_uuid=a393b184-2531-4779-9f29-01768f005702,[EBIT] AI Trainer - Python 개발자 채용 (재택근무 / 파트타임),서울강남구
https://www.saramin.co.kr/zf_user/jobs/relay/view?view_type=search&rec_idx=47795203&location=ts&searchword=python&searchType=search&paid_fl=n&search_uuid=a393b184-2531-4779-9f29-01768f005702,"머신비전 개발자 , C/C++/C#, OpenCV, MIL, PYTHON, 딥러닝, AI",경기용인시 기흥구
https://www.saramin.co.kr/zf_user/jobs/relay/view?view_type=search&rec_idx=48141997&location=ts&searchword=python&searchType=search&paid_fl=n&search_uuid=a393b184-2531-4779-9f29-01768f005702,"백엔드 개발자 (Python, Django)",서울강남구
https://www.saramin.co.kr/zf_user/jobs/relay/view?view_type=search&rec_idx=47789586&location=ts&searchword=python&searchType=search&paid_fl=n&search_uuid=a393b184-2531-4779-9f29-01768f005702,삼성서울병원정형외과연구소 신약 개발 웹플랫폼(python/django),서울강남구
https://www.saramin.co.kr/zf_user/jobs/relay/view?view_type=search&rec_idx=48062996&location=ts&searchword=python&searchType=search&paid_fl=n&search_uuid=a393b184-2531-4779-9f29-01768f005702,Python 백엔드 개발자 모집,경기수원시 영통구
https://www.saramin.co.kr/zf_user/jobs/relay/view?view_type=search&rec_idx=48082162&location=ts&searchword=python&searchType=search&paid_fl=n&search_uuid=a393b184-2531-4779-9f29-01768f005702,"[연구소] 마케팅 솔루션 개발 경력 채용 (Java, Python)",서울금천구
https://www.saramin.co.kr/zf_user/jobs/relay/view?view_type=search&rec_idx=47833580&location=ts&searchword=python&searchType=search&paid_fl=n&search_uuid=a393b184-2531-4779-9f29-01768f005702,[인텔리전스랩스] 선행프로덕트팀 백엔드 개발자 (Python/Go),경기성남시 분당구
https://www.saramin.co.kr/zf_user/jobs/relay/view?view_type=search&rec_idx=48050500&location=ts&searchword=python&searchType=search&paid_fl=n&search_uuid=a393b184-2531-4779-9f29-01768f005702,2024년 상반기 Python개발자 신입/경력직 모집,대전유성구
https://www.saramin.co.kr/zf_user/jobs/relay/view?view_type=search&rec_idx=48006471&location=ts&searchword=python&searchType=search&paid_fl=n&search_uuid=a393b184-2531-4779-9f29-01768f005702,백엔드 엔지니어 (Python) 채용,서울강남구
https://www.saramin.co.kr/zf_user/jobs/relay/view?view_type=search&rec_idx=48068476&location=ts&searchword=python&searchType=search&paid_fl=n&search_uuid=a393b184-2531-4779-9f29-01768f005702,"백엔드 서버개발자 정규직 채용 ( MySQL , C언어 , Python )",서울송파구
https://www.saramin.co.kr/zf_user/jobs/relay/view?view_type=search&rec_idx=48104247&location=ts&searchword=python&searchType=search&paid_fl=n&search_uuid=a393b184-2531-4779-9f29-01768f005702,차량용 S/W Test 자동화 개발(Python) 및 검증,인천서구
https://www.saramin.co.kr/zf_user/jobs/relay/view?view_type=search&rec_idx=47883438&location=ts&searchword=python&searchType=search&paid_fl=n&search_uuid=2a4b0a01-d216-41a3-a228-4c50fb4d0c7b,㈜푸드테크 상반기 신입/경력 전부문 채용,서울강남구
https://www.saramin.co.kr/zf_user/jobs/relay/view?view_type=search&rec_idx=48123519&location=ts&searchword=python&searchType=search&paid_fl=n&search_uuid=2a4b0a01-d216-41a3-a228-4c50fb4d0c7b,파이썬 개발자,서울종로구
https://www.saramin.co.kr/zf_user/jobs/relay/view?view_type=search&rec_idx=48103965&location=ts&searchword=python&searchType=search&paid_fl=n&search_uuid=2a4b0a01-d216-41a3-a228-4c50fb4d0c7b,엔씨소프트 전 부문 수시 채용,경기성남시 분당구
https://www.saramin.co.kr/zf_user/jobs/relay/view?view_type=search&rec_idx=48060840&location=ts&searchword=python&searchType=search&paid_fl=n&search_uuid=2a4b0a01-d216-41a3-a228-4c50fb4d0c7b,리걸테크 스타트업에서 '파이썬 백엔드 개발자님'을 모십니다.,서울강서구
https://www.saramin.co.kr/zf_user/jobs/relay/view?view_type=search&rec_idx=48135527&location=ts&searchword=python&searchType=search&paid_fl=n&search_uuid=2a4b0a01-d216-41a3-a228-4c50fb4d0c7b,[주 3일 원격근무] 비상교육 전체직무 상시채용,경기과천시
https://www.saramin.co.kr/zf_user/jobs/relay/view?view_type=search&rec_idx=48024971&location=ts&searchword=python&searchType=search&paid_fl=n&search_uuid=2a4b0a01-d216-41a3-a228-4c50fb4d0c7b,[파이썬] 웹 백엔드 개발자 (4~7년 경력자),서울마포구
https://www.saramin.co.kr/zf_user/jobs/relay/view?view_type=search&rec_idx=47803481&location=ts&searchword=python&searchType=search&paid_fl=n&search_uuid=2a4b0a01-d216-41a3-a228-4c50fb4d0c7b,㈜위즈코리아/㈜위즈COK '24년 상반기 신입/경력 사원 모집,서울강서구
https://www.saramin.co.kr/zf_user/jobs/relay/view?view_type=search&rec_idx=46701127&location=ts&searchword=python&searchType=search&paid_fl=n&search_uuid=2a4b0a01-d216-41a3-a228-4c50fb4d0c7b,파이썬 프로그램 개발자,서울성동구
https://www.saramin.co.kr/zf_user/jobs/relay/view?view_type=search&rec_idx=47733346&location=ts&searchword=python&searchType=search&paid_fl=n&search_uuid=2a4b0a01-d216-41a3-a228-4c50fb4d0c7b,파이썬 개발자 (5년차 이상),서울서초구
https://www.saramin.co.kr/zf_user/jobs/relay/view?view_type=search&rec_idx=48102555&location=ts&searchword=python&searchType=search&paid_fl=n&search_uuid=2a4b0a01-d216-41a3-a228-4c50fb4d0c7b,다우기술 경력사원 대규모 인재영입,경기성남시 분당구
https://www.saramin.co.kr/zf_user/jobs/relay/view?view_type=search&rec_idx=48091379&location=ts&searchword=python&searchType=search&paid_fl=n&search_uuid=2a4b0a01-d216-41a3-a228-4c50fb4d0c7b,자바/파이썬 경력 개발자 증원 채용 (10년 이하),서울금천구
https://www.saramin.co.kr/zf_user/jobs/relay/view?view_type=search&rec_idx=47952083&location=ts&searchword=python&searchType=search&paid_fl=n&search_uuid=2a4b0a01-d216-41a3-a228-4c50fb4d0c7b,"파이썬 개발자 경력 모집공고 - 정규직, 계약직",서울금천구
https://www.saramin.co.kr/zf_user/jobs/relay/view?view_type=search&rec_idx=48091348&location=ts&searchword=python&searchType=search&paid_fl=n&search_uuid=2a4b0a01-d216-41a3-a228-4c50fb4d0c7b,[인턴_석/박사] 2024 하계 석박사 맞춤형 인턴십 (채용연계형),서울강서구
https://www.saramin.co.kr/zf_user/jobs/relay/view?view_type=search&rec_idx=48120291&location=ts&searchword=python&searchType=search&paid_fl=n&search_uuid=2a4b0a01-d216-41a3-a228-4c50fb4d0c7b,파이썬 기반의 내비게이션 테스트 자동화 스크립트 개발-정규직,서울성동구
https://www.saramin.co.kr/zf_user/jobs/relay/view?view_type=search&rec_idx=48137797&location=ts&searchword=python&searchType=search&paid_fl=n&search_uuid=2a4b0a01-d216-41a3-a228-4c50fb4d0c7b,비파괴검사 AI 솔루션 및 파이썬 모듈 개발자 (프리랜서) 구인,경기성남시 분당구
https://www.saramin.co.kr/zf_user/jobs/relay/view?view_type=search&rec_idx=48109677&location=ts&searchword=python&searchType=search&paid_fl=n&search_uuid=2a4b0a01-d216-41a3-a228-4c50fb4d0c7b,[에듀테크 스타트업 오누이] 분야별 채용,서울마포구
https://www.saramin.co.kr/zf_user/jobs/relay/view?view_type=search&rec_idx=47996956&location=ts&searchword=python&searchType=search&paid_fl=n&search_uuid=2a4b0a01-d216-41a3-a228-4c50fb4d0c7b,[FDX] 보안사업부 파이썬 개발 기술 지원 인력 공고,서울관악구
https://www.saramin.co.kr/zf_user/jobs/relay/view?view_type=search&rec_idx=48141252&location=ts&searchword=python&searchType=search&paid_fl=n&search_uuid=2a4b0a01-d216-41a3-a228-4c50fb4d0c7b,Embedded SW Engineer/임베디드(파이썬 Flask) 개발자,서울마포구
https://www.saramin.co.kr/zf_user/jobs/relay/view?view_type=search&rec_idx=48026686&location=ts&searchword=python&searchType=search&paid_fl=n&search_uuid=2a4b0a01-d216-41a3-a228-4c50fb4d0c7b,엑시온랩스(주) 파이썬 개발자 모집,대구달서구
https://www.saramin.co.kr/zf_user/jobs/relay/view?view_type=search&rec_idx=47832719&location=ts&searchword=python&searchType=search&paid_fl=n&search_uuid=2a4b0a01-d216-41a3-a228-4c50fb4d0c7b,[대전] 파이썬 기반 인공지능 개발 연구원 채용,대전유성구
https://www.saramin.co.kr/zf_user/jobs/relay/view?view_type=search&rec_idx=48076268&location=ts&searchword=python&searchType=search&paid_fl=n&search_uuid=2a4b0a01-d216-41a3-a228-4c50fb4d0c7b,2024년 ㈜티시스아이티 부문별 경력사원 모집,서울중구
https://www.saramin.co.kr/zf_user/jobs/relay/view?view_type=search&rec_idx=48106994&location=ts&searchword=python&searchType=search&paid_fl=n&search_uuid=2a4b0a01-d216-41a3-a228-4c50fb4d0c7b,파이썬 개발자를 구인합니다. 신입/경력 채용,경기과천시
https://www.saramin.co.kr/zf_user/jobs/relay/view?view_type=search&rec_idx=48141340&location=ts&searchword=python&searchType=search&paid_fl=n&search_uuid=2a4b0a01-d216-41a3-a228-4c50fb4d0c7b,파이썬 개발자 과정 강사 채용,경기성남시
https://www.saramin.co.kr/zf_user/jobs/relay/view?view_type=search&rec_idx=48123492&location=ts&searchword=python&searchType=search&paid_fl=n&search_uuid=2a4b0a01-d216-41a3-a228-4c50fb4d0c7b,"[HL만도] 2024년 신입/경력 채용(판교,평택,원주,인도 첸나이)",경기평택시
https://www.saramin.co.kr/zf_user/jobs/relay/view?view_type=search&rec_idx=48116278&location=ts&searchword=python&searchType=search&paid_fl=n&search_uuid=2a4b0a01-d216-41a3-a228-4c50fb4d0c7b,한국자동차연구원 정직원 채용 공고,충남천안시
https://www.saramin.co.kr/zf_user/jobs/relay/view?view_type=search&rec_idx=47905739&location=ts&searchword=python&searchType=search&paid_fl=n&search_uuid=2a4b0a01-d216-41a3-a228-4c50fb4d0c7b,[하이미디어안산점] 파이썬 강사 모집,경기안산시 단원구
https://www.saramin.co.kr/zf_user/jobs/relay/view?view_type=search&rec_idx=48093584&location=ts&searchword=python&searchType=search&paid_fl=n&search_uuid=2a4b0a01-d216-41a3-a228-4c50fb4d0c7b,2024년 신입 및 경력 채용,경기성남시 분당구
https://www.saramin.co.kr/zf_user/jobs/relay/view?view_type=search&rec_idx=47669139&location=ts&searchword=python&searchType=search&paid_fl=n&search_uuid=2a4b0a01-d216-41a3-a228-4c50fb4d0c7b,차량SW · ICT · 경영지원 부문 채용,서울강남구
https://www.saramin.co.kr/zf_user/jobs/relay/view?view_type=search&rec_idx=48101858&location=ts&searchword=python&searchType=search&paid_fl=n&search_uuid=2a4b0a01-d216-41a3-a228-4c50fb4d0c7b,상반기 교보생명 경력사원 채용공고,서울종로구
https://www.saramin.co.kr/zf_user/jobs/relay/view?view_type=search&rec_idx=48126720&location=ts&searchword=python&searchType=search&paid_fl=n&search_uuid=2a4b0a01-d216-41a3-a228-4c50fb4d0c7b,상반기 대규모 공개채용,서울강남구
https://www.saramin.co.kr/zf_user/jobs/relay/view?view_type=search&rec_idx=48102680&location=ts&searchword=python&searchType=search&paid_fl=n&search_uuid=2a4b0a01-d216-41a3-a228-4c50fb4d0c7b,2024년 5월 NE능률 신입 및 경력(수시) 채용,서울마포구
https://www.saramin.co.kr/zf_user/jobs/relay/view?view_type=search&rec_idx=48036349&location=ts&searchword=python&searchType=search&paid_fl=n&search_uuid=2a4b0a01-d216-41a3-a228-4c50fb4d0c7b,[현대케피코] 2024 경력 상시채용,경기군포시
https://www.saramin.co.kr/zf_user/jobs/relay/view?view_type=search&rec_idx=48082234&location=ts&searchword=python&searchType=search&paid_fl=n&search_uuid=2a4b0a01-d216-41a3-a228-4c50fb4d0c7b,포항공과대학교 포항가속기연구소 직원 채용(연구/기술/행정),경북포항시
https://www.saramin.co.kr/zf_user/jobs/relay/view?view_type=search&rec_idx=48093614&location=ts&searchword=python&searchType=search&paid_fl=n&search_uuid=2a4b0a01-d216-41a3-a228-4c50fb4d0c7b,제닉스(주) 각 부문별 채용,충남천안시 서북구
https://www.saramin.co.kr/zf_user/jobs/relay/view?view_type=search&rec_idx=48091479&location=ts&searchword=python&searchType=search&paid_fl=n&search_uuid=2a4b0a01-d216-41a3-a228-4c50fb4d0c7b,[인턴_학사] 2024 하계 DX Core 인재 Academy (채용연계형),서울강서구
https://www.saramin.co.kr/zf_user/jobs/relay/view?view_type=search&rec_idx=48137843&location=ts&searchword=python&searchType=search&paid_fl=n&search_uuid=2a4b0a01-d216-41a3-a228-4c50fb4d0c7b,(주)리만코리아 경력 및 신입 채용 (서울/대구),서울강남구
https://www.saramin.co.kr/zf_user/jobs/relay/view?view_type=search&rec_idx=48068003&location=ts&searchword=python&searchType=search&paid_fl=n&search_uuid=2a4b0a01-d216-41a3-a228-4c50fb4d0c7b,풀무원 각 부문 경력•신입 모집,서울강남구
https://www.saramin.co.kr/zf_user/jobs/relay/view?view_type=search&rec_idx=47992437&location=ts&searchword=python&searchType=search&paid_fl=n&search_uuid=2a4b0a01-d216-41a3-a228-4c50fb4d0c7b,2024년 HD현대오일뱅크 경력사원 채용,충남서산시
https://www.saramin.co.kr/zf_user/jobs/relay/view?view_type=search&rec_idx=48088775&location=ts&searchword=python&searchType=search&paid_fl=n&search_uuid=2a4b0a01-d216-41a3-a228-4c50fb4d0c7b,동국제강 2024년 대졸 신입/경력사원 공개채용,서울중구
https://www.saramin.co.kr/zf_user/jobs/relay/view?view_type=search&rec_idx=48113334&location=ts&searchword=python&searchType=search&paid_fl=n&search_uuid=2a4b0a01-d216-41a3-a228-4c50fb4d0c7b,㈜마크로젠 각 부문 신입/경력 직원채용,서울강남구
https://www.saramin.co.kr/zf_user/jobs/relay/view?view_type=search&rec_idx=48078748&location=ts&searchword=python&searchType=search&paid_fl=n&search_uuid=05879bc6-b656-46f6-b521-bb9df28e1e1d,DevOps/Backend 개발자,서울전체
https://www.saramin.co.kr/zf_user/jobs/relay/view?view_type=search&rec_idx=48095752&location=ts&searchword=python&searchType=search&paid_fl=n&search_uuid=05879bc6-b656-46f6-b521-bb9df28e1e1d,경영분석 (Data 분석가),서울송파구
https://www.saramin.co.kr/zf_user/jobs/relay/view?view_type=search&rec_idx=47931007&location=ts&searchword=python&searchType=search&paid_fl=n&search_uuid=05879bc6-b656-46f6-b521-bb9df28e1e1d,(주)소프트위즈 DBA 모집,서울강남구
https://www.saramin.co.kr/zf_user/jobs/relay/view?view_type=search&rec_idx=47998272&location=ts&searchword=python&searchType=search&paid_fl=n&search_uuid=05879bc6-b656-46f6-b521-bb9df28e1e1d,Data Scientist 신입/경력 채용,서울금천구
https://www.saramin.co.kr/zf_user/jobs/relay/view?view_type=search&rec_idx=48035753&location=ts&searchword=python&searchType=search&paid_fl=n&search_uuid=05879bc6-b656-46f6-b521-bb9df28e1e1d,[NDSOFT] 24년도 AI NLP 개발자 채용공고,서울강남구
https://www.saramin.co.kr/zf_user/jobs/relay/view?view_type=search&rec_idx=48082976&location=ts&searchword=python&searchType=search&paid_fl=n&search_uuid=05879bc6-b656-46f6-b521-bb9df28e1e1d,[부산서면] 365mc 의료 Data AI 사이언티스트 채용 (신입가능),부산부산진구
https://www.saramin.co.kr/zf_user/jobs/relay/view?view_type=search&rec_idx=48130722&location=ts&searchword=python&searchType=search&paid_fl=n&search_uuid=05879bc6-b656-46f6-b521-bb9df28e1e1d,디피니트와 함께할 AI research Engineer(LLM)를 모집합니다.,서울마포구
https://www.saramin.co.kr/zf_user/jobs/relay/view?view_type=search&rec_idx=45922967&location=ts&searchword=python&searchType=search&paid_fl=n&search_uuid=05879bc6-b656-46f6-b521-bb9df28e1e1d,주니어 데브옵스 엔지니어(DevOps Engineer),서울서초구
https://www.saramin.co.kr/zf_user/jobs/relay/view?view_type=search&rec_idx=48113448&location=ts&searchword=python&searchType=search&paid_fl=n&search_uuid=05879bc6-b656-46f6-b521-bb9df28e1e1d,시스템 솔루션 개발자 채용,서울영등포구
https://www.saramin.co.kr/zf_user/jobs/relay/view?view_type=search&rec_idx=48126217&location=ts&searchword=python&searchType=search&paid_fl=n&search_uuid=05879bc6-b656-46f6-b521-bb9df28e1e1d,[C#] Machine Vision 영상처리 개발자 모집,서울금천구
https://www.saramin.co.kr/zf_user/jobs/relay/view?view_type=search&rec_idx=48098767&location=ts&searchword=python&searchType=search&paid_fl=n&search_uuid=05879bc6-b656-46f6-b521-bb9df28e1e1d,2024년 Hi:us 상반기 신입/경력 채용 공고,울산남구
https://www.saramin.co.kr/zf_user/jobs/relay/view?view_type=search&rec_idx=48139986&location=ts&searchword=python&searchType=search&paid_fl=n&search_uuid=05879bc6-b656-46f6-b521-bb9df28e1e1d,Linux/Java 기반 AI 서버 개발자 모집,서울송파구
https://www.saramin.co.kr/zf_user/jobs/relay/view?view_type=search&rec_idx=48121787&location=ts&searchword=python&searchType=search&paid_fl=n&search_uuid=05879bc6-b656-46f6-b521-bb9df28e1e1d,AI 솔루션 개발자 (연구원),서울강남구
https://www.saramin.co.kr/zf_user/jobs/relay/view?view_type=search&rec_idx=47948852&location=ts&searchword=python&searchType=search&paid_fl=n&search_uuid=05879bc6-b656-46f6-b521-bb9df28e1e1d,[딥브레인AI] Back-End 개발자 채용 (산업기능요원),서울강남구
https://www.saramin.co.kr/zf_user/jobs/relay/view?view_type=search&rec_idx=48130998&location=ts&searchword=python&searchType=search&paid_fl=n&search_uuid=05879bc6-b656-46f6-b521-bb9df28e1e1d,SOC RTL Design/Verification Enginer,경기성남시 분당구
https://www.saramin.co.kr/zf_user/jobs/relay/view?view_type=search&rec_idx=48127141&location=ts&searchword=python&searchType=search&paid_fl=n&search_uuid=05879bc6-b656-46f6-b521-bb9df28e1e1d,[그로스마케터]로 커리어를 급성장 시킬 수 있는 곳 '패스오더',서울강남구
https://www.saramin.co.kr/zf_user/jobs/relay/view?view_type=search&rec_idx=48119580&location=ts&searchword=python&searchType=search&paid_fl=n&search_uuid=05879bc6-b656-46f6-b521-bb9df28e1e1d,Data Scientist 경력 채용,서울강남구
https://www.saramin.co.kr/zf_user/jobs/relay/view?view_type=search&rec_idx=47952329&location=ts&searchword=python&searchType=search&paid_fl=n&search_uuid=05879bc6-b656-46f6-b521-bb9df28e1e1d,응용 소프트웨어 개발자 채용,대전유성구
https://www.saramin.co.kr/zf_user/jobs/relay/view?view_type=search&rec_idx=45129232&location=ts&searchword=python&searchType=search&paid_fl=n&search_uuid=05879bc6-b656-46f6-b521-bb9df28e1e1d,[신입] 반도체 회로 설계 개발자 채용,서울강남구
https://www.saramin.co.kr/zf_user/jobs/relay/view?view_type=search&rec_idx=48138148&location=ts&searchword=python&searchType=search&paid_fl=n&search_uuid=05879bc6-b656-46f6-b521-bb9df28e1e1d,[웨스트월드] 기술연구소 하반기 채용 공고,경기고양시 일산서구
https://www.saramin.co.kr/zf_user/jobs/relay/view?view_type=search&rec_idx=48145713&location=ts&searchword=python&searchType=search&paid_fl=n&search_uuid=05879bc6-b656-46f6-b521-bb9df28e1e1d,(주)모멘티 에이전시 백엔드 개발자 추가 채용 [강남구],서울강남구
https://www.saramin.co.kr/zf_user/jobs/relay/view?view_type=search&rec_idx=48034941&location=ts&searchword=python&searchType=search&paid_fl=n&search_uuid=05879bc6-b656-46f6-b521-bb9df28e1e1d,"프론트엔드, 풀스택 개발자 채용 - 정규직",서울성동구
https://www.saramin.co.kr/zf_user/jobs/relay/view?view_type=search&rec_idx=47754939&location=ts&searchword=python&searchType=search&paid_fl=n&search_uuid=05879bc6-b656-46f6-b521-bb9df28e1e1d,딥러닝/3D 비전/Data Scientist 병역특례(전문연구요원),서울구로구
https://www.saramin.co.kr/zf_user/jobs/relay/view?view_type=search&rec_idx=48042866&location=ts&searchword=python&searchType=search&paid_fl=n&search_uuid=05879bc6-b656-46f6-b521-bb9df28e1e1d,(주)대건소프트 서버/프론트엔드 개발자 신입 채용,대전유성구
https://www.saramin.co.kr/zf_user/jobs/relay/view?view_type=search&rec_idx=47258017&location=ts&searchword=python&searchType=search&paid_fl=n&search_uuid=05879bc6-b656-46f6-b521-bb9df28e1e1d,[경기/안산/시흥/인천] 국비지원 교육연수생 모집(취업연수안내),경기안산시 단원구
https://www.saramin.co.kr/zf_user/jobs/relay/view?view_type=search&rec_idx=48046368&location=ts&searchword=python&searchType=search&paid_fl=n&search_uuid=05879bc6-b656-46f6-b521-bb9df28e1e1d,플스택 개발자 API 모집 신입/경력 채용,서울영등포구
https://www.saramin.co.kr/zf_user/jobs/relay/view?view_type=search&rec_idx=48040806&location=ts&searchword=python&searchType=search&paid_fl=n&search_uuid=05879bc6-b656-46f6-b521-bb9df28e1e1d,Data Scientist,서울강남구
https://www.saramin.co.kr/zf_user/jobs/relay/view?view_type=search&rec_idx=48136031&location=ts&searchword=python&searchType=search&paid_fl=n&search_uuid=05879bc6-b656-46f6-b521-bb9df28e1e1d,[대전] 임베디드 HW/SW/FW 개발 부분별 신입/경력 모집 - 정규직,대전유성구
https://www.saramin.co.kr/zf_user/jobs/relay/view?view_type=search&rec_idx=48097751&location=ts&searchword=python&searchType=search&paid_fl=n&search_uuid=05879bc6-b656-46f6-b521-bb9df28e1e1d,세무 사무원 및 IT 개발자를 채용합니다.,서울강남구
https://www.saramin.co.kr/zf_user/jobs/relay/view?view_type=search&rec_idx=47830107&location=ts&searchword=python&searchType=search&paid_fl=n&search_uuid=05879bc6-b656-46f6-b521-bb9df28e1e1d,[유데미 부트캠프] 백엔드 개발 인턴/신입 채용진행,서울서초구
https://www.saramin.co.kr/zf_user/jobs/relay/view?view_type=search&rec_idx=47946410&location=ts&searchword=python&searchType=search&paid_fl=n&search_uuid=05879bc6-b656-46f6-b521-bb9df28e1e1d,급성장 초기 AI 스타트업 수퍼 개발자 신입/경력 채용,서울관악구
https://www.saramin.co.kr/zf_user/jobs/relay/view?view_type=search&rec_idx=48006864&location=ts&searchword=python&searchType=search&paid_fl=n&search_uuid=05879bc6-b656-46f6-b521-bb9df28e1e1d,함께 일할 신입 및 경력자 모집,전북전주시 덕진구
https://www.saramin.co.kr/zf_user/jobs/relay/view?view_type=search&rec_idx=48136719&location=ts&searchword=python&searchType=search&paid_fl=n&search_uuid=05879bc6-b656-46f6-b521-bb9df28e1e1d,Power semiconductor application engineer 채용,경기수원시 영통구
https://www.saramin.co.kr/zf_user/jobs/relay/view?view_type=search&rec_idx=48144151&location=ts&searchword=python&searchType=search&paid_fl=n&search_uuid=05879bc6-b656-46f6-b521-bb9df28e1e1d,[MF] 마케팅본부 팀원(데이터 분석) 채용 공고,서울마포구
https://www.saramin.co.kr/zf_user/jobs/relay/view?view_type=search&rec_idx=47975225&location=ts&searchword=python&searchType=search&paid_fl=n&search_uuid=05879bc6-b656-46f6-b521-bb9df28e1e1d,"[지능형 로보틱스 플랫폼] 차세대 스마트 디바이스 S/W, 펌웨어",서울강남구
https://www.saramin.co.kr/zf_user/jobs/relay/view?view_type=search&rec_idx=48138020&location=ts&searchword=python&searchType=search&paid_fl=n&search_uuid=05879bc6-b656-46f6-b521-bb9df28e1e1d,"DX본부_ IT 경력 채용 ""AWS DevOps/서비스기획/UI디자인""",서울강남구
https://www.saramin.co.kr/zf_user/jobs/relay/view?view_type=search&rec_idx=48045740&location=ts&searchword=python&searchType=search&paid_fl=n&search_uuid=05879bc6-b656-46f6-b521-bb9df28e1e1d,[수원지사] 앱스토어 담당자 직무별 채용,경기수원시 영통구
https://www.saramin.co.kr/zf_user/jobs/relay/view?view_type=search&rec_idx=48129252&location=ts&searchword=python&searchType=search&paid_fl=n&search_uuid=05879bc6-b656-46f6-b521-bb9df28e1e1d,Front 웹 개발자 채용,경기하남시
https://www.saramin.co.kr/zf_user/jobs/relay/view?view_type=search&rec_idx=48056176&location=ts&searchword=python&searchType=search&paid_fl=n&search_uuid=05879bc6-b656-46f6-b521-bb9df28e1e1d,웹 개발자 신입 채용,서울송파구
https://www.saramin.co.kr/zf_user/jobs/relay/view?view_type=search&rec_idx=48111472&location=ts&searchword=python&searchType=search&paid_fl=n&search_uuid=05879bc6-b656-46f6-b521-bb9df28e1e1d,임상연구 DM - PM Part 추가 모집 (CRC 경력 우대),서울성동구
